x1,x2,x3,x4,x5,x6,a1,a2,x11,x12,x13,x14,x15,x16,r,d
0.039517872,-0.0183825025,-0.0183825025,0.999996657511415,-0.002585530119294512,0.025593499,1.0,0.0,0.03878257,-0.115924885,-0.115924885,0.9999978499610296,-0.0020736618138474847,0.31745955,1.0,0.0
0.03878257,-0.115924885,-0.115924885,0.9999978499610296,-0.0020736618138474847,0.31745955,1.0,0.0,0.034145575,-0.21347107,-0.21347107,0.9999908599440841,0.004275514973803732,0.6094878,0.0,0.0
0.034145575,-0.21347107,-0.21347107,0.9999908599440841,0.004275514973803732,0.6094878,0.0,1.0,0.025606733,-0.11594011,-0.11594011,0.9998644502737984,0.016464540038364246,0.31815457,0.0,0.0
0.025606733,-0.11594011,-0.11594011,0.9998644502737984,0.016464540038364246,0.31815457,0.0,1.0,0.020969128,-0.018498298,-0.018498298,0.9997394439859504,0.022826391275512184,0.03070935,0.0,0.0
0.020969128,-0.018498298,-0.018498298,0.9997394439859504,0.022826391275512184,0.03070935,1.0,0.0,0.020229196,-0.11621918,-0.11621918,0.9997252357034873,0.02344041590089135,0.33050656,0.0,0.0
0.020229196,-0.11621918,-0.11621918,0.9997252357034873,0.02344041590089135,0.33050656,0.0,1.0,0.015580429,-0.018828906,-0.018828906,0.9995484517783965,0.030048170450306038,0.04530751,0.0,0.0
0.015580429,-0.018828906,-0.018828906,0.9995484517783965,0.030048170450306038,0.04530751,1.0,0.0,0.014827273,-0.116598765,-0.116598765,0.9995208133258786,0.03095389682049854,0.3473188,0.0,0.0
0.014827273,-0.116598765,-0.116598765,0.9995208133258786,0.03095389682049854,0.3473188,0.0,1.0,0.010163322,-0.019264645,-0.019264645,0.9992816831613658,0.03789614357936404,0.064556815,0.0,0.0
0.010163322,-0.019264645,-0.019264645,0.9992816831613658,0.03789614357936404,0.064556815,0.0,1.0,0.0093927365,0.078014635,0.078014635,0.9992319211432965,0.03918632118835551,-0.21592994,0.0,0.0
0.0093927365,0.078014635,0.078014635,0.9992319211432965,0.03918632118835551,-0.21592994,0.0,1.0,0.012513322,0.1752848,0.1752848,0.9993918325832917,0.03487068920755514,-0.4959955,0.0,0.0
0.012513322,0.1752848,0.1752848,0.9993918325832917,0.03487068920755514,-0.4959955,0.0,1.0,0.019524714,0.2725914,0.2725914,0.9996885691027722,0.02495525606464261,-0.7774858,0.0,0.0
0.019524714,0.2725914,0.2725914,0.9996885691027722,0.02495525606464261,-0.7774858,0.0,1.0,0.03042837,0.3699764,0.3699764,0.9999557438713895,0.009407991210453423,-1.062213,0.0,0.0
0.03042837,0.3699764,0.3699764,0.9999557438713895,0.009407991210453423,-1.062213,0.0,1.0,0.045227427,0.46747445,0.46747445,0.999929953842907,-0.01183585264025902,-1.3519282,0.0,0.0
0.045227427,0.46747445,0.46747445,0.999929953842907,-0.01183585264025902,-1.3519282,0.0,1.0,0.063926406,0.5651088,0.5651088,0.9992444742777695,-0.03886490222995577,-1.6482904,0.0,0.0
0.063926406,0.5651088,0.5651088,0.9992444742777695,-0.03886490222995577,-1.6482904,0.0,1.0,0.08653075,0.6628859,0.6628859,0.9974205809437043,-0.07177872045337186,-1.9528265,0.0,0.0
0.08653075,0.6628859,0.6628859,0.9974205809437043,-0.07177872045337186,-1.9528265,1.0,0.0,0.11304619,0.5657414,0.5657414,0.9938572231982918,-0.11066986896432413,-1.6832476,0.0,0.0
0.11304619,0.5657414,0.5657414,0.9938572231982918,-0.11066986896432413,-1.6832476,1.0,0.0,0.13567585,0.46890295,0.46890295,0.9895691015203805,-0.14405899248622733,-1.4270538,0.0,0.0
0.13567585,0.46890295,0.46890295,0.9895691015203805,-0.14405899248622733,-1.4270538,1.0,0.0,0.15443197,0.3723677,0.3723677,0.9850550396871042,-0.17223985829951693,-1.1828222,0.0,0.0
0.15443197,0.3723677,0.3723677,0.9850550396871042,-0.17223985829951693,-1.1828222,1.0,0.0,0.16932668,0.27611473,0.27611473,0.9807052189241833,-0.19549238751130374,-0.94901735,0.0,0.0
0.16932668,0.27611473,0.27611473,0.9807052189241833,-0.19549238751130374,-0.94901735,1.0,0.0,0.18037127,0.18011111,0.18011111,0.9768182817387431,-0.21407018582924994,-0.72403836,0.0,1.0
-0.04790393,-0.0119195145,-0.0119195145,0.9999544622851625,0.009543236138306032,-0.039856818,1.0,0.0,-0.04838071,-0.109548265,-0.109548265,0.9999617518517688,0.008746132490503338,0.2558218,1.0,0.0
-0.04838071,-0.109548265,-0.109548265,0.9999617518517688,0.008746132490503338,0.2558218,0.0,1.0,-0.052762643,-0.012050265,-0.012050265,0.9999039145903825,0.013862235996727073,-0.03408964,0.0,0.0
-0.052762643,-0.012050265,-0.012050265,0.9999039145903825,0.013862235996727073,-0.03408964,1.0,0.0,-0.05324465,-0.109709255,-0.109709255,0.999913133366611,0.013180505338030132,0.26293465,0.0,0.0
-0.05324465,-0.109709255,-0.109709255,0.999913133366611,0.013180505338030132,0.26293465,0.0,1.0,-0.057633024,-0.0122435775,-0.0122435775,0.9998299957618371,0.01843853505257331,-0.025561888,0.0,0.0
-0.057633024,-0.0122435775,-0.0122435775,0.9998299957618371,0.01843853505257331,-0.025561888,1.0,0.0,-0.058122765,-0.109934315,-0.109934315,0.9998392915633553,0.017927382577718132,0.27288142,0.0,0.0
-0.058122765,-0.109934315,-0.109934315,0.9998392915633553,0.017927382577718132,0.27288142,1.0,0.0,-0.06252014,-0.207620875,-0.207620875,0.9997265606192322,0.023383840412573405,0.57116467,0.0,0.0
-0.06252014,-0.207620875,-0.207620875,0.9997265606192322,0.023383840412573405,0.57116467,1.0,0.0,-0.07082497,-0.30534185,-0.30534185,0.9993942187067912,0.034802235782236825,0.8711223,0.0,0.0
-0.07082497,-0.30534185,-0.30534185,0.9993942187067912,0.034802235782236825,0.8711223,1.0,0.0,-0.08303864,-0.40313068,-0.40313068,0.9986362343241532,0.05220796390279133,1.1745429,0.0,0.0
-0.08303864,-0.40313068,-0.40313068,0.9986362343241532,0.05220796390279133,1.1745429,0.0,1.0,-0.099163875,-0.3059278,-0.3059278,0.997134415838513,0.07565022637366926,0.89868116,0.0,0.0
-0.099163875,-0.3059278,-0.3059278,0.997134415838513,0.07565022637366926,0.89868116,1.0,0.0,-0.111400984,-0.40395885,-0.40395885,0.9956137223176666,0.09355915739659186,1.2141727,0.0,0.0
-0.111400984,-0.40395885,-0.40395885,0.9956137223176666,0.09355915739659186,1.2141727,0.0,1.0,-0.12755933,-0.3070606,-0.3070606,0.9930484704886825,0.11770613943243646,0.95225936,0.0,0.0
-0.12755933,-0.3070606,-0.3070606,0.9930484704886825,0.11770613943243646,0.95225936,1.0,0.0,-0.13984177,-0.4053081,-0.4053081,0.9906267775757436,0.1365964404730161,1.2795585,0.0,0.0
-0.13984177,-0.4053081,-0.4053081,0.9906267775757436,0.1365964404730161,1.2795585,1.0,0.0,-0.1560541,-0.50359605,-0.50359605,0.9868071294011777,0.16190024509866377,1.6118181,0.0,0.0
-0.1560541,-0.50359605,-0.50359605,0.9868071294011777,0.16190024509866377,1.6118181,1.0,0.0,-0.17619793,-0.601909,-0.601909,0.9810762646122508,0.1936217007839587,1.9504642,0.0,0.0
-0.17619793,-0.601909,-0.601909,0.9810762646122508,0.1936217007839587,1.9504642,0.0,1.0,-0.20027429,-0.50561495,-0.50561495,0.9727787679761806,0.2317357731873617,1.7239738,0.0,1.0
-0.048483133,0.016829085,0.016829085,0.9992644287107741,-0.03834842256638608,-0.007898069,0.0,1.0,-0.04780997,0.114654315,0.114654315,0.9992583587274667,-0.038506265896466156,-0.31243232,1.0,0.0
-0.04780997,0.114654315,0.114654315,0.9992583587274667,-0.038506265896466156,-0.31243232,1.0,0.0,-0.0432238,0.017377975,0.017377975,0.9989982400676152,-0.044749484263033684,-0.032140575,0.0,0.0
-0.0432238,0.017377975,0.017377975,0.9989982400676152,-0.044749484263033684,-0.032140575,0.0,1.0,-0.042528678,0.115245155,0.115245155,0.9989692680766755,-0.045391645028036075,-0.33860433,0.0,0.0
-0.042528678,0.115245155,0.115245155,0.9989692680766755,-0.045391645028036075,-0.33860433,1.0,0.0,-0.037918873,0.0180214515,0.0180214515,0.9986389674508728,-0.052155658261157686,-0.060579017,0.0,0.0
-0.037918873,0.0180214515,0.0180214515,0.9986389674508728,-0.052155658261157686,-0.060579017,0.0,1.0,-0.037198015,0.11593633,0.11593633,0.9985750437498857,-0.053365550685005717,-0.36925763,0.0,0.0
-0.037198015,0.11593633,0.11593633,0.9985750437498857,-0.053365550685005717,-0.36925763,0.0,1.0,-0.03256056,0.213855475,0.213855475,0.9981537033159079,-0.06073865784439571,-0.67828596,0.0,0.0
-0.03256056,0.213855475,0.213855475,0.9981537033159079,-0.06073865784439571,-0.67828596,1.0,0.0,-0.02400634,0.11674182,0.11674182,0.9972379223227681,-0.07427332146449933,-0.40534005,0.0,0.0
-0.02400634,0.11674182,0.11674182,0.9972379223227681,-0.07427332146449933,-0.40534005,1.0,0.0,-0.019336669,0.0197451675,0.0197451675,0.9966030399704805,-0.08235521065237329,-0.13699017,0.0,0.0
-0.019336669,0.0197451675,0.0197451675,0.9966030399704805,-0.08235521065237329,-0.13699017,0.0,1.0,-0.018546863,0.117845245,0.117845245,0.9963736629465926,-0.08508539114554219,-0.45450312,0.0,0.0
-0.018546863,0.117845245,0.117845245,0.9963736629465926,-0.08508539114554219,-0.45450312,0.0,1.0,-0.013833052,0.21595359,0.21595359,0.9955590777959425,-0.09413884755026647,-0.77277595,0.0,0.0
-0.013833052,0.21595359,0.21595359,0.9955590777959425,-0.09413884755026647,-0.77277595,0.0,1.0,-0.0051949085,0.31409555,0.31409555,0.9939852671056133,-0.10951387481494156,-1.0935711,0.0,0.0
-0.0051949085,0.31409555,0.31409555,0.9939852671056133,-0.10951387481494156,-1.0935711,0.0,1.0,0.007368914,0.412287025,0.412287025,0.9913525026833793,-0.13122581843296083,-1.4185709,0.0,0.0
0.007368914,0.412287025,0.412287025,0.9913525026833793,-0.13122581843296083,-1.4185709,1.0,0.0,0.023860395,0.31565185,0.31565185,0.9872309776993844,-0.15929531277070777,-1.1697527,0.0,0.0
0.023860395,0.31565185,0.31565185,0.9872309776993844,-0.15929531277070777,-1.1697527,1.0,0.0,0.03648647,0.21929115,0.21929115,0.9832344384040044,-0.18234593260164103,-0.93119466,0.0,0.0
0.03648647,0.21929115,0.21929115,0.9832344384040044,-0.18234593260164103,-0.93119466,0.0,1.0,0.045258116,0.3178209,0.3178209,0.9796681299704725,-0.20062491151439169,-1.275438,0.0,0.0
0.045258116,0.3178209,0.3178209,0.9796681299704725,-0.20062491151439169,-1.275438,0.0,1.0,0.057970952,0.4163419,0.4163419,0.9742322805628433,-0.22554703170141993,-1.6239753,0.0,1.0
-0.02307131,-0.021815715,-0.021815715,0.999926223612521,0.012146906272896425,0.03541309,0.0,1.0,-0.023943938,0.07565712,0.07565712,0.9999173696349494,0.01285511191409993,-0.25341266,1.0,0.0
-0.023943938,0.07565712,0.07565712,0.9999173696349494,0.01285511191409993,-0.25341266,0.0,1.0,-0.020917654,0.17312515,0.17312515,0.9999696798100666,0.007787134296581842,-0.54201317,0.0,0.0
-0.020917654,0.17312515,0.17312515,0.9999696798100666,0.007787134296581842,-0.54201317,0.0,1.0,-0.013992649,0.27063095,0.27063095,0.9999953394464689,-0.0030530452570308735,-0.83223236,0.0,0.0
-0.013992649,0.27063095,0.27063095,0.9999953394464689,-0.0030530452570308735,-0.83223236,0.0,1.0,-0.00316741,0.36821273,0.36821273,0.9998060066587063,-0.019696422242905152,-1.1258739,0.0,0.0
-0.00316741,0.36821273,0.36821273,0.9998060066587063,-0.019696422242905152,-1.1258739,0.0,1.0,0.011561099,0.465899975,0.465899975,0.9991090717812654,-0.042202638358024555,-1.4246695,0.0,0.0
0.011561099,0.465899975,0.465899975,0.9991090717812654,-0.042202638358024555,-1.4246695,0.0,1.0,0.030197099,0.5637088,0.5637088,0.9975011907864114,-0.07064965944497688,-1.730242,0.0,0.0
0.030197099,0.5637088,0.5637088,0.9975011907864114,-0.07064965944497688,-1.730242,0.0,1.0,0.05274545,0.66163615,0.66163615,0.9944596668174194,-0.10511884261818716,-2.0440612,0.0,0.0
0.05274545,0.66163615,0.66163615,0.9944596668174194,-0.10511884261818716,-2.0440612,1.0,0.0,0.07921089,0.5646889,0.5646889,0.9893325862968322,-0.14567440987085267,-1.7857356,0.0,0.0
0.07921089,0.5646889,0.5646889,0.9893325862968322,-0.14567440987085267,-1.7857356,0.0,1.0,0.10179845,0.66290425,0.66290425,0.9835000713305663,-0.18090773806769858,-2.120067,0.0,0.0
0.10179845,0.66290425,0.66290425,0.9835000713305663,-0.18090773806769858,-2.120067,1.0,0.0,0.12831461,0.5664534,0.5664534,0.9749476671417286,-0.222434364105237,-1.8886756,0.0,1.0
0.044859078,-0.024114972,-0.024114972,0.9997343528134821,0.023048292878392006,-0.001536942,1.0,0.0,0.04389448,-0.12183738,-0.12183738,0.9997350607766041,0.023017564032706828,0.2983286,1.0,0.0
0.04389448,-0.12183738,-0.12183738,0.9997350607766041,0.023017564032706828,0.2983286,1.0,0.0,0.039020985,-0.21955858,-0.21955858,0.9995799304163892,0.028982110150344426,0.59818166,0.0,0.0
0.039020985,-0.21955858,-0.21955858,0.9995799304163892,0.028982110150344426,0.59818166,1.0,0.0,0.030238641,-0.317316235,-0.317316235,0.9991616739750769,0.04093835926514589,0.89985216,0.0,0.0
0.030238641,-0.317316235,-0.317316235,0.9991616739750769,0.04093835926514589,0.89985216,0.0,1.0,0.017545993,-0.220044315,-0.220044315,0.9982631378059335,0.05891271253177789,0.620317,0.0,0.0
0.017545993,-0.220044315,-0.220044315,0.9982631378059335,0.05891271253177789,0.620317,0.0,1.0,0.00874422,-0.12291866,-0.12291866,0.9974554417142636,0.07129264895207163,0.3467664,0.0,0.0
0.00874422,-0.12291866,-0.12291866,0.9974554417142636,0.07129264895207163,0.3467664,0.0,1.0,0.0038274738,-0.0258995035,-0.0258995035,0.9969370195209921,0.07820856160677611,0.077409595,0.0,0.0
0.0038274738,-0.0258995035,-0.0258995035,0.9969370195209921,0.07820856160677611,0.077409595,0.0,1.0,0.0027914937,0.07105921,0.07105921,0.9968147427622782,0.07975191917297772,-0.18958229,0.0,0.0
0.0027914937,0.07105921,0.07105921,0.9968147427622782,0.07975191917297772,-0.18958229,1.0,0.0,0.005633862,-0.027024775,-0.027024775,0.9971099675465431,0.07597178831205505,0.12717947,0.0,0.0
0.005633862,-0.027024775,-0.027024775,0.9971099675465431,0.07597178831205505,0.12717947,1.0,0.0,0.004552871,-0.125086935,-0.125086935,0.9969135010996173,0.07850777875665187,0.44285145,0.0,0.0
0.004552871,-0.125086935,-0.125086935,0.9969135010996173,0.07850777875665187,0.44285145,0.0,1.0,-0.00045060655,-0.028123401,-0.028123401,0.9961790622678669,0.0873342767709984,0.17593996,0.0,0.0
-0.00045060655,-0.028123401,-0.028123401,0.9961790622678669,0.0873342767709984,0.17593996,0.0,1.0,-0.0015755426,0.06876096,0.06876096,0.9958655842789662,0.09083907776234428,-0.08792629,0.0,0.0
-0.0015755426,0.06876096,0.06876096,0.9958655842789662,0.09083907776234428,-0.08792629,1.0,0.0,0.001174896,-0.0293890965,-0.0293890965,0.9960237870847325,0.0890876846785653,0.23201321,0.0,0.0
0.001174896,-0.0293890965,-0.0293890965,0.9960237870847325,0.0890876846785653,0.23201321,0.0,1.0,-6.67875e-07,0.06748168,0.06748168,0.9955996744322,0.09370852826982923,-0.031251807,0.0,0.0
-6.67875e-07,0.06748168,0.06748168,0.9955996744322,0.09370852826982923,-0.031251807,0.0,1.0,0.0026985994,0.164311485,0.164311485,0.9956580515289501,0.09308622038505183,-0.29291266,0.0,0.0
0.0026985994,0.164311485,0.164311485,0.9956580515289501,0.09308622038505183,-0.29291266,0.0,1.0,0.009271058,0.26115035,0.26115035,0.9961862866410807,0.0872518326928135,-0.5548005,0.0,0.0
0.009271058,0.26115035,0.26115035,0.9961862866410807,0.0872518326928135,-0.5548005,1.0,0.0,0.019717073,0.16303386,0.16303386,0.9970930882868881,0.07619300027243835,-0.23592158,0.0,0.0
0.019717073,0.16303386,0.16303386,0.9970930882868881,0.07619300027243835,-0.23592158,1.0,0.0,0.026238427,0.06497184,0.06497184,0.9974414989515444,0.07148745462874075,0.07981007,0.0,0.0
0.026238427,0.06497184,0.06497184,0.9974414989515444,0.07148745462874075,0.07981007,1.0,0.0,0.0288373,-0.03306356,-0.03306356,0.9973261203496331,0.07307947501418778,0.3941811,0.0,0.0
0.0288373,-0.03306356,-0.03306356,0.9973261203496331,0.07307947501418778,0.3941811,0.0,1.0,0.027514758,0.06394242,0.06394242,0.9967190026231355,0.08093966771578685,0.1254267,0.0,0.0
0.027514758,0.06394242,0.06394242,0.9967190026231355,0.08093966771578685,0.1254267,1.0,0.0,0.030072454,-0.034149412,-0.034149412,0.9965128267976946,0.08343971493040898,0.44253293,0.0,0.0
0.030072454,-0.034149412,-0.034149412,0.9965128267976946,0.08343971493040898,0.44253293,1.0,0.0,0.028706478,-0.132248685,-0.132248685,0.9957353096378958,0.09225612792830531,0.76033574,0.0,0.0
0.028706478,-0.132248685,-0.132248685,0.9957353096378958,0.09225612792830531,0.76033574,0.0,1.0,0.023416532,-0.035380735,-0.035380735,0.9942173243899074,0.10738673979115691,0.49809453,0.0,0.0
0.023416532,-0.035380735,-0.035380735,0.9942173243899074,0.10738673979115691,0.49809453,0.0,1.0,0.022001302,0.061346028,0.061346028,0.9930982353796399,0.11728552717980677,0.24116397,0.0,0.0
0.022001302,0.061346028,0.061346028,0.9930982353796399,0.11728552717980677,0.24116397,1.0,0.0,0.024455143,-0.0369479025,-0.0369479025,0.99252098431399,0.12207414016239593,0.5684925,0.0,0.0
0.024455143,-0.0369479025,-0.0369479025,0.99252098431399,0.12207414016239593,0.5684925,1.0,0.0,0.022977227,-0.13525125,-0.13525125,0.9910688975883534,0.13335081639422322,0.89708674,0.0,0.0
0.022977227,-0.13525125,-0.13525125,0.9910688975883534,0.13335081639422322,0.89708674,1.0,0.0,0.017567176,-0.23357962,-0.23357962,0.9885169690220401,0.15110990025633314,1.2286425,0.0,0.0
0.017567176,-0.23357962,-0.23357962,0.9885169690220401,0.15110990025633314,1.2286425,1.0,0.0,0.008223992,-0.33193612,-0.33193612,0.984505711194364,0.17535251531038712,1.56475,0.0,0.0
0.008223992,-0.33193612,-0.33193612,0.984505711194364,0.17535251531038712,1.56475,1.0,0.0,-0.005053453,-0.43030425,-0.43030425,0.9785368902001235,0.20607172178023717,1.9068356,0.0,0.0
-0.005053453,-0.43030425,-0.43030425,0.9785368902001235,0.20607172178023717,1.9068356,0.0,1.0,-0.022265624,-0.33412263,-0.33412263,0.9699683851278899,0.24323102567804472,1.6850688,0.0,1.0
-0.04490476,-0.022220385,-0.022220385,0.999062754699638,-0.043285241965027026,0.0018445452,1.0,0.0,-0.045793574,-0.11945793,-0.11945793,0.9990643508124154,-0.043248386510561676,0.28055793,1.0,0.0
-0.045793574,-0.11945793,-0.11945793,0.9990643508124154,-0.043248386510561676,0.28055793,1.0,0.0,-0.050571892,-0.216697425,-0.216697425,0.9992912953679406,-0.03764182516647349,0.55928844,0.0,0.0
-0.050571892,-0.216697425,-0.216697425,0.9992912953679406,-0.03764182516647349,0.55928844,1.0,0.0,-0.05923979,-0.313984335,-0.313984335,0.9996498236499034,-0.026461860794679066,0.83987564,0.0,0.0
-0.05923979,-0.313984335,-0.313984335,0.9996498236499034,-0.026461860794679066,0.83987564,1.0,0.0,-0.07179917,-0.411359725,-0.411359725,0.9999532706852008,-0.00966728741527968,1.1241198,0.0,0.0
-0.07179917,-0.411359725,-0.411359725,0.9999532706852008,-0.00966728741527968,1.1241198,1.0,0.0,-0.08825355,-0.5088567,-0.5088567,0.999917889562256,0.012814606250836982,1.4137547,0.0,0.0
-0.08825355,-0.5088567,-0.5088567,0.999917889562256,0.012814606250836982,1.4137547,1.0,0.0,-0.10860782,-0.60649585,-0.60649585,0.9991559225434226,0.04107849128683145,1.7104157,0.0,0.0
-0.10860782,-0.60649585,-0.60649585,0.9991559225434226,0.04107849128683145,1.7104157,1.0,0.0,-0.13286765,-0.7042805,-0.7042805,0.9971664169485843,0.07522723516069217,2.015599,0.0,0.0
-0.13286765,-0.7042805,-0.7042805,0.9971664169485843,0.07522723516069217,2.015599,0.0,1.0,-0.16103888,-0.6071485,-0.6071485,0.9933245641054705,0.11535298151620058,1.7471458,0.0,0.0
-0.16103888,-0.6071485,-0.6071485,0.9933245641054705,0.11535298151620058,1.7471458,0.0,1.0,-0.18532482,-0.5103317,-0.5103317,0.9886882484693456,0.14998515706101628,1.4925479,0.0,0.0
-0.18532482,-0.5103317,-0.5103317,0.9886882484693456,0.14998515706101628,1.4925479,0.0,1.0,-0.20573808,-0.413829925,-0.413829925,0.9837712450789391,0.1794272480863313,1.250413,0.0,0.0
-0.20573808,-0.413829925,-0.413829925,0.9837712450789391,0.1794272480863313,1.250413,1.0,0.0,-0.22229128,-0.51228785,-0.51228785,0.978976933851174,0.20397098565078833,1.5937449,0.0,0.0
-0.22229128,-0.51228785,-0.51228785,0.978976933851174,0.20397098565078833,1.5937449,1.0,0.0,-0.2427828,-0.6107283,-0.6107283,0.9719791996109816,0.235066874577418,1.9428251,0.0,1.0
0.043975044,0.015087105,0.015087105,0.9998090086849594,-0.019543442695665332,0.014965201,1.0,0.0,0.04457853,-0.08233104,-0.08233104,0.9998148133518018,-0.019244193989403996,0.30141804,1.0,0.0
0.04457853,-0.08233104,-0.08233104,0.9998148133518018,-0.019244193989403996,0.30141804,1.0,0.0,0.041285288,-0.17975226,-0.17975226,0.9999126564362384,-0.013216637190491326,0.5879698,0.0,0.0
0.041285288,-0.17975226,-0.17975226,0.9999126564362384,-0.013216637190491326,0.5879698,1.0,0.0,0.034095198,-0.27721945,-0.27721945,0.9999989376634102,-0.0014576254838368189,0.87646013,0.0,0.0
0.034095198,-0.27721945,-0.27721945,0.9999989376634102,-0.0014576254838368189,0.87646013,0.0,1.0,0.023006419,-0.17964858,-0.17964858,0.9998708549862013,0.016070885139365367,0.5833193,0.0,0.0
0.023006419,-0.17964858,-0.17964858,0.9998708549862013,0.016070885139365367,0.5833193,0.0,1.0,0.015820475,-0.08220201,-0.08220201,0.9996153273967421,0.027734405230764005,0.29574215,0.0,0.0
0.015820475,-0.08220201,-0.08220201,0.9996153273967421,0.027734405230764005,0.29574215,0.0,1.0,0.012532396,0.0151558735,0.0151558735,0.9994337977967074,0.03364645332944208,0.01193479,0.0,0.0
0.012532396,0.0151558735,0.0151558735,0.9994337977967074,0.03364645332944208,0.01193479,1.0,0.0,0.01313863,-0.08263813,-0.08263813,0.9994257379834295,0.033885015217310605,0.31504276,0.0,0.0
0.01313863,-0.08263813,-0.08263813,0.9994257379834295,0.033885015217310605,0.31504276,0.0,1.0,0.009833106,0.0146734675,0.0146734675,0.9991923958263155,0.040181539578116064,0.033237793,0.0,0.0
0.009833106,0.0146734675,0.0146734675,0.9991923958263155,0.040181539578116064,0.033237793,0.0,1.0,0.010420044,0.11193508,0.11193508,0.9991654642186292,0.040845747793023565,-0.24649802,0.0,0.0
0.010420044,0.11193508,0.11193508,0.9991654642186292,0.040845747793023565,-0.24649802,0.0,1.0,0.014897447,0.20919274,0.20919274,0.9993546893626877,0.03591942161012796,-0.52601886,0.0,0.0
0.014897447,0.20919274,0.20919274,0.9993546893626877,0.03591942161012796,-0.52601886,1.0,0.0,0.023265157,0.111388445,0.111388445,0.9996772652785674,0.025404040725145436,-0.22223501,0.0,0.0
0.023265157,0.111388445,0.111388445,0.9996772652785674,0.025404040725145436,-0.22223501,1.0,0.0,0.027720695,0.0136505885,0.0136505885,0.999780303771686,0.020960538881316687,0.07835272,0.0,0.0
0.027720695,0.0136505885,0.0136505885,0.999780303771686,0.020960538881316687,0.07835272,0.0,1.0,0.028266719,0.11105823,0.11105823,0.9997462299071871,0.022527223228037626,-0.2076436,0.0,0.0
0.028266719,0.11105823,0.11105823,0.9997462299071871,0.022527223228037626,-0.2076436,0.0,1.0,0.032709047,0.208454565,0.208454565,0.9998311613406311,0.018375222780826553,-0.49313545,0.0,0.0
0.032709047,0.208454565,0.208454565,0.9998311613406311,0.018375222780826553,-0.49313545,1.0,0.0,0.04104723,0.11076644,0.11076644,0.9999637599691179,0.008513445156004048,-0.19471824,0.0,0.0
0.04104723,0.11076644,0.11076644,0.9999637599691179,0.008513445156004048,-0.19471824,1.0,0.0,0.045477886,0.013145094,0.013145094,0.9999893315931755,0.00461916657354717,0.10063813,0.0,0.0
0.045477886,0.013145094,0.013145094,0.9999893315931755,0.00461916657354717,0.10063813,0.0,1.0,0.04600369,0.110672815,0.110672815,0.9999780087287192,0.00663189708495639,-0.19058388,0.0,0.0
0.04600369,0.110672815,0.110672815,0.9999780087287192,0.00663189708495639,-0.19058388,0.0,1.0,0.050430603,0.20818605,0.20818605,0.9999960230468401,0.002820264261307764,-0.48116735,0.0,0.0
0.050430603,0.20818605,0.20818605,0.9999960230468401,0.002820264261307764,-0.48116735,0.0,1.0,0.058758046,0.30572705,0.30572705,0.9999768591473103,-0.006803026523569384,-0.77296007,0.0,0.0
0.058758046,0.30572705,0.30572705,0.9999768591473103,-0.006803026523569384,-0.77296007,0.0,1.0,0.07098713,0.4033345,0.4033345,0.999752205678948,-0.02226044114743567,-1.0677757,0.0,0.0
0.07098713,0.4033345,0.4033345,0.999752205678948,-0.02226044114743567,-1.0677757,1.0,0.0,0.08712051,0.305924265,0.305924265,0.9990488947411705,-0.04360396675126753,-0.78216195,0.0,0.0
0.08712051,0.305924265,0.305924265,0.9990488947411705,-0.04360396675126753,-0.78216195,1.0,0.0,0.09935748,0.208676175,0.208676175,0.9982445786899111,-0.059226354912334786,-0.50351477,0.0,0.0
0.09935748,0.208676175,0.208676175,0.9982445786899111,-0.059226354912334786,-0.50351477,1.0,0.0,0.10770453,0.11155675,0.11155675,0.9975975459212453,-0.06927579932349331,-0.23008052,0.0,0.0
0.10770453,0.11155675,0.11155675,0.9975975459212453,-0.06927579932349331,-0.23008052,1.0,0.0,0.11216679,0.014523628,0.014523628,0.9972682048824388,-0.07386560451629688,0.03995243,0.0,0.0
0.11216679,0.014523628,0.014523628,0.9972682048824388,-0.07386560451629688,0.03995243,1.0,0.0,0.112747744,-0.08247046,-0.08247046,0.997326908819112,-0.0730687138610953,0.3084233,0.0,0.0
0.112747744,-0.08247046,-0.08247046,0.997326908819112,-0.0730687138610953,0.3084233,0.0,1.0,0.109448925,0.015571381,0.015571381,0.9977586540348595,-0.06691538162893171,-0.0063981963,0.0,0.0
0.109448925,0.015571381,0.015571381,0.9977586540348595,-0.06691538162893171,-0.0063981963,1.0,0.0,0.11007178,-0.081479045,-0.081479045,0.9977500827036878,-0.06704306425562617,0.26442736,0.0,0.0
0.11007178,-0.081479045,-0.081479045,0.9977500827036878,-0.06704306425562617,0.26442736,1.0,0.0,0.10681262,-0.178530725,-0.178530725,0.9980906886405271,-0.061765502095251355,0.5352167,0.0,0.0
0.10681262,-0.178530725,-0.178530725,0.9980906886405271,-0.061765502095251355,0.5352167,1.0,0.0,0.099671386,-0.27563115,-0.27563115,0.9986946531794542,-0.05107827043635808,0.80780274,0.0,0.0
0.099671386,-0.27563115,-0.27563115,0.9986946531794542,-0.05107827043635808,0.80780274,0.0,1.0,0.08864614,-0.177739335,-0.177739335,0.9993895047647299,-0.034937340570055056,0.49949363,0.0,0.0
0.08864614,-0.177739335,-0.177739335,0.9993895047647299,-0.034937340570055056,0.49949363,0.0,1.0,0.08153657,-0.07994098,-0.07994098,0.9996886506262588,-0.024951990081954183,0.19600609,0.0,0.0
0.08153657,-0.07994098,-0.07994098,0.9996886506262588,-0.024951990081954183,0.19600609,0.0,1.0,0.07833893,0.017793942,0.017793942,0.9997787839238619,-0.021032907923629707,-0.104443274,0.0,0.0
0.07833893,0.017793942,0.017793942,0.9997787839238619,-0.021032907923629707,-0.104443274,1.0,0.0,0.07905068,-0.0796132,-0.0796132,0.999732667855524,-0.02312126342734372,0.18152985,0.0,0.0
0.07905068,-0.0796132,-0.0796132,0.999732667855524,-0.02312126342734372,0.18152985,0.0,1.0,0.075866155,0.018109329,0.018109329,0.9998100228125785,-0.019491492593215337,-0.11835703,0.0,0.0
0.075866155,0.018109329,0.018109329,0.9998100228125785,-0.019491492593215337,-0.11835703,1.0,0.0,0.07659053,-0.07930933,-0.07930933,0.9997610826215629,-0.02185812607156412,0.16811292,0.0,0.0
0.07659053,-0.07930933,-0.07930933,0.9997610826215629,-0.02185812607156412,0.16811292,0.0,1.0,0.073418155,0.018404631,0.018404631,0.9998289241086908,-0.018496554156320174,-0.1313852,0.0,0.0
0.073418155,0.018404631,0.018404631,0.9998289241086908,-0.018496554156320174,-0.1313852,0.0,1.0,0.07415434,0.116095615,0.116095615,0.9997768688737364,-0.021123741738331828,-0.42984602,0.0,0.0
0.07415434,0.116095615,0.116095615,0.9997768688737364,-0.021123741738331828,-0.42984602,0.0,1.0,0.07879817,0.213802935,0.213802935,0.9995583269193729,-0.02971785803425586,-0.7291129,0.0,0.0
0.07879817,0.213802935,0.213802935,0.9995583269193729,-0.02971785803425586,-0.7291129,1.0,0.0,0.08735029,0.11645355,0.11645355,0.99901871643395,-0.044290001294455435,-0.44593084,0.0,0.0
0.08735029,0.11645355,0.11645355,0.99901871643395,-0.044290001294455435,-0.44593084,1.0,0.0,0.09200843,0.019219514,0.019219514,0.9985839845904837,-0.05319798604639623,-0.16753623,0.0,0.0
0.09200843,0.019219514,0.019219514,0.9985839845904837,-0.05319798604639623,-0.16753623,1.0,0.0,0.09277721,-0.07794114,-0.07794114,0.9984001274340694,-0.05654366047254168,0.10789279,0.0,0.0
0.09277721,-0.07794114,-0.07794114,0.9984001274340694,-0.05654366047254168,0.10789279,1.0,0.0,0.089659564,-0.1750749,-0.1750749,0.9985198158620355,-0.05438912879286274,0.38220403,0.0,0.0
0.089659564,-0.1750749,-0.1750749,0.9985198158620355,-0.05438912879286274,0.38220403,0.0,1.0,0.08265656,-0.07714957,-0.07714957,0.998906394072333,-0.046754848747580735,0.07287247,0.0,0.0
0.08265656,-0.07714957,-0.07714957,0.998906394072333,-0.046754848747580735,0.07287247,0.0,1.0,0.079570584,0.020730529,0.020730529,0.9989734759839495,-0.04529894348155926,-0.23419262,0.0,0.0
0.079570584,0.020730529,0.020730529,0.9989734759839495,-0.04529894348155926,-0.23419262,1.0,0.0,0.080399804,-0.07649257,-0.07649257,0.9987503452581559,-0.04997747339266413,0.04385937,0.0,0.0
0.080399804,-0.07649257,-0.07649257,0.9987503452581559,-0.04997747339266413,0.04385937,1.0,0.0,0.0773401,-0.1736779,-0.1736779,0.9987938008402795,-0.04910135846418357,0.32035765,0.0,0.0
0.0773401,-0.1736779,-0.1736779,0.9987938008402795,-0.04910135846418357,0.32035765,0.0,1.0,0.07039298,-0.07578498,-0.07578498,0.9990878974994557,-0.042700972706918944,0.012597336,0.0,0.0
0.07039298,-0.07578498,-0.07578498,0.9990878974994557,-0.042700972706918944,0.012597336,0.0,1.0,0.067361586,0.02206885,0.02206885,0.999098624129167,-0.0424492551548983,-0.2932505,0.0,0.0
0.067361586,0.02206885,0.02206885,0.999098624129167,-0.0424492551548983,-0.2932505,1.0,0.0,0.06824434,-0.07517697,-0.07517697,0.9988324765832377,-0.048308215891251914,-0.014256092,0.0,0.0
0.06824434,-0.07517697,-0.07517697,0.9988324765832377,-0.048308215891251914,-0.014256092,1.0,0.0,0.06523726,-0.17237535,-0.17237535,0.9988186623942515,-0.048593000040728224,0.26279598,0.0,0.0
0.06523726,-0.17237535,-0.17237535,0.9988186623942515,-0.048593000040728224,0.26279598,1.0,0.0,0.05834225,-0.26957312,-0.26957312,0.9990602660970708,-0.04334264304412275,0.53975856,0.0,0.0
0.05834225,-0.26957312,-0.26957312,0.9990602660970708,-0.04334264304412275,0.53975856,1.0,0.0,0.04755932,-0.3668164,-0.3668164,0.9994699356507385,-0.032555302645018325,0.81847143,0.0,0.0
0.04755932,-0.3668164,-0.3668164,0.9994699356507385,-0.032555302645018325,0.81847143,1.0,0.0,0.032886665,-0.46414715,-0.46414715,0.9998689184875653,-0.0161909185195424,1.1007377,0.0,0.0
0.032886665,-0.46414715,-0.46414715,0.9998689184875653,-0.0161909185195424,1.1007377,1.0,0.0,0.0143207805,-0.56159975,-0.56159975,0.9999830456438795,0.005823094090839839,1.388297,0.0,0.0
0.0143207805,-0.56159975,-0.56159975,0.9999830456438795,0.005823094090839839,1.388297,0.0,1.0,-0.008143209,-0.464075265,-0.464075265,0.9994359403913975,0.03358274935086445,1.0974406,0.0,0.0
-0.008143209,-0.464075265,-0.464075265,0.9994359403913975,0.03358274935086445,1.0974406,0.0,1.0,-0.02670622,-0.366743265,-0.366743265,0.9984581685350654,0.05550932971674946,0.81548256,0.0,0.0
-0.02670622,-0.366743265,-0.366743265,0.9984581685350654,0.05550932971674946,0.81548256,1.0,0.0,-0.04137595,-0.4646616,-0.4646616,0.9974200763146529,0.07178573231828216,1.1251044,0.0,0.0
-0.04137595,-0.4646616,-0.4646616,0.9974200763146529,0.07178573231828216,1.1251044,1.0,0.0,-0.059962414,-0.56265475,-0.56265475,0.9955523758838791,0.09420969627359693,1.4394304,0.0,0.0
-0.059962414,-0.56265475,-0.56265475,0.9955523758838791,0.09420969627359693,1.4394304,1.0,0.0,-0.08246861,-0.66072935,-0.66072935,0.9924280644307881,0.1228272646042374,1.7600431,0.0,0.0
-0.08246861,-0.66072935,-0.66072935,0.9924280644307881,0.1228272646042374,1.7600431,1.0,0.0,-0.108897775,-0.7588705,-0.7588705,0.9874905363401439,0.1576782820766859,2.0883484,0.0,0.0
-0.108897775,-0.7588705,-0.7588705,0.9874905363401439,0.1576782820766859,2.0883484,0.0,1.0,-0.1392526,-0.6622663,-0.6622663,0.9800455034475407,0.19877326573826898,1.8485188,0.0,0.0
-0.1392526,-0.6622663,-0.6622663,0.9800455034475407,0.19877326573826898,1.8485188,0.0,1.0,-0.16574325,-0.5660491,-0.5660491,0.9720287629926979,0.23486184005684194,1.6240664,0.0,1.0
0.008919479,0.0010079788,0.0010079788,0.9997375083562526,0.0229110101399243,0.029696325,1.0,0.0,0.008959798,-0.096713475,-0.096713475,0.9997237245846994,0.023504776163496298,0.32951957,1.0,0.0
0.008959798,-0.096713475,-0.096713475,0.9997237245846994,0.023504776163496298,0.32951957,0.0,1.0,0.005091259,0.0006763045,0.0006763045,0.9995471094923387,0.03009278826414545,0.044341356,0.0,0.0
0.005091259,0.0006763045,0.0006763045,0.9995471094923387,0.03009278826414545,0.044341356,1.0,0.0,0.005118311,-0.09709385,-0.09709385,0.999520029314772,0.030979202678526878,0.34636626,0.0,0.0
0.005118311,-0.09709385,-0.09709385,0.999520029314772,0.030979202678526878,0.34636626,0.0,1.0,0.001234557,0.000240063165,0.000240063165,0.9992814456845128,0.03790240507764673,0.06361256,0.0,0.0
0.001234557,0.000240063165,0.000240063165,0.9992814456845128,0.03790240507764673,0.06361256,0.0,1.0,0.0012441595,0.097519295,0.097519295,0.9992324156342726,0.0391737098791581,-0.21687213,0.0,0.0
0.0012441595,0.097519295,0.097519295,0.9992324156342726,0.0391737098791581,-0.21687213,1.0,0.0,0.0051449314,-0.00031048515,-0.00031048515,0.9993929292948054,0.0348392433262863,0.087909006,0.0,0.0
0.0051449314,-0.00031048515,-0.00031048515,0.9993929292948054,0.0348392433262863,0.087909006,1.0,0.0,0.0051325117,-0.098112315,-0.098112315,0.9993301310057611,0.036596301233983615,0.39137912,0.0,0.0
0.0051325117,-0.098112315,-0.098112315,0.9993301310057611,0.036596301233983615,0.39137912,0.0,1.0,0.0012080193,-0.00082038525,-0.00082038525,0.9990130586291895,0.044417436760257646,0.11045816,0.0,0.0
0.0012080193,-0.00082038525,-0.00082038525,0.9990130586291895,0.044417436760257646,0.11045816,1.0,0.0,0.001175204,-0.09868516,-0.09868516,0.9989124954666566,0.04662431126115249,0.41682145,0.0,0.0
0.001175204,-0.09868516,-0.09868516,0.9989124954666566,0.04662431126115249,0.41682145,1.0,0.0,-0.0027722025,-0.196560575,-0.196560575,0.9984891097284615,0.05494995681221577,0.72383595,0.0,0.0
-0.0027722025,-0.196560575,-0.196560575,0.9984891097284615,0.05494995681221577,0.72383595,1.0,0.0,-0.010634626,-0.2944793,-0.2944793,0.9975890150920736,0.069398537215322,1.0333036,0.0,0.0
-0.010634626,-0.2944793,-0.2944793,0.9975890150920736,0.069398537215322,1.0333036,0.0,1.0,-0.022413798,-0.197412835,-0.197412835,0.9959419008160126,0.08999850109300517,0.7632094,0.0,0.0
-0.022413798,-0.197412835,-0.197412835,0.9959419008160126,0.08999850109300517,0.7632094,0.0,1.0,-0.030310312,-0.10052645,-0.10052645,0.9944521777313613,0.10518966776900147,0.5001893,0.0,0.0
-0.030310312,-0.10052645,-0.10052645,0.9944521777313613,0.10518966776900147,0.5001893,0.0,1.0,-0.03433137,-0.003781066,-0.003781066,0.9933501399303784,0.1151325301567624,0.24248911,0.0,0.0
-0.03433137,-0.003781066,-0.003781066,0.9933501399303784,0.1151325301567624,0.24248911,1.0,0.0,-0.034482613,-0.102063505,-0.102063505,0.992780093440243,0.11994868097975266,0.5692247,0.0,0.0
-0.034482613,-0.102063505,-0.102063505,0.992780093440243,0.11994868097975266,0.5692247,1.0,0.0,-0.03856515,-0.20035596,-0.20035596,0.9913502323283696,0.1312429688116191,0.89723796,0.0,0.0
-0.03856515,-0.20035596,-0.20035596,0.9913502323283696,0.1312429688116191,0.89723796,1.0,0.0,-0.04657939,-0.298674435,-0.298674435,0.9888356234088368,0.1490104354656312,1.2282276,0.0,0.0
-0.04657939,-0.298674435,-0.298674435,0.9888356234088368,0.1490104354656312,1.2282276,0.0,1.0,-0.05852637,-0.202217115,-0.202217115,0.9848772937911071,0.17325332947653646,0.98589534,0.0,0.0
-0.05852637,-0.202217115,-0.202217115,0.9848772937911071,0.17325332947653646,0.98589534,1.0,0.0,-0.06661505,-0.3007032,-0.3007032,0.9812698715617836,0.19263810413602173,1.327822,0.0,0.0
-0.06661505,-0.3007032,-0.3007032,0.9812698715617836,0.19263810413602173,1.327822,0.0,1.0,-0.07864318,-0.204593,-0.204593,0.9758086911554573,0.21862616098141896,1.1015275,0.0,1.0
-0.0043307133,-0.0185605585,-0.0185605585,0.9998186242351237,-0.019045173472153964,0.029849442,0.0,1.0,-0.0050731357,0.07913436,0.07913436,0.9998298158279074,-0.01844828939313432,-0.26878142,1.0,0.0
-0.0050731357,0.07913436,0.07913436,0.9998298158279074,-0.01844828939313432,-0.26878142,1.0,0.0,-0.0019077612,-0.018292576,-0.018292576,0.9997161989224074,-0.023822712107012638,0.01802583,0.0,0.0
-0.0019077612,-0.018292576,-0.018292576,0.9997161989224074,-0.023822712107012638,0.01802583,1.0,0.0,-0.0026394643,-0.115678735,-0.115678735,0.9997247224471122,-0.023462295881784265,0.30309752,0.0,0.0
-0.0026394643,-0.115678735,-0.115678735,0.9997247224471122,-0.023462295881784265,0.30309752,1.0,0.0,-0.0072666137,-0.21306865,-0.21306865,0.9998485803531525,-0.017401619631099142,0.5882889,0.0,0.0
-0.0072666137,-0.21306865,-0.21306865,0.9998485803531525,-0.017401619631099142,0.5882889,0.0,1.0,-0.01578936,-0.115388005,-0.115388005,0.9999841137330648,-0.0056366906511528874,0.2901753,0.0,0.0
-0.01578936,-0.115388005,-0.115388005,0.9999841137330648,-0.0056366906511528874,0.2901753,0.0,1.0,-0.020404879,-0.01778707,-0.01778707,0.9999999860913886,0.00016678495922675093,-0.004280063,0.0,0.0
-0.020404879,-0.01778707,-0.01778707,0.9999999860913886,0.00016678495922675093,-0.004280063,0.0,1.0,-0.021116363,0.07977271,0.07977271,0.9999999967046034,8.118369991082251e-05,-0.29691038,0.0,0.0
-0.021116363,0.07977271,0.07977271,0.9999999967046034,8.118369991082251e-05,-0.29691038,0.0,1.0,-0.017925454,0.1773331,0.1773331,0.9999828476874798,-0.005856989912796443,-0.58956766,0.0,0.0
-0.017925454,0.1773331,0.1773331,0.9999828476874798,-0.005856989912796443,-0.58956766,0.0,1.0,-0.010832129,0.27493483,0.27493483,0.9998442714366984,-0.017647460871690317,-0.8840898,0.0,0.0
-0.010832129,0.27493483,0.27493483,0.9998442714366984,-0.017647460871690317,-0.8840898,1.0,0.0,0.00016526421,0.17749588,0.17749588,0.9993759543541929,-0.035322823480662825,-0.5970068,0.0,0.0
0.00016526421,0.17749588,0.17749588,0.9993759543541929,-0.035322823480662825,-0.5970068,1.0,0.0,0.0072651,0.080190785,0.080190785,0.9988829669187046,-0.04725270785559272,-0.3156586,0.0,0.0
0.0072651,0.080190785,0.080190785,0.9988829669187046,-0.04725270785559272,-0.3156586,0.0,1.0,0.010472731,0.17807193,0.17807193,0.9985647487913459,-0.05355784229481508,-0.62286633,0.0,0.0
0.010472731,0.17807193,0.17807193,0.9985647487913459,-0.05355784229481508,-0.62286633,1.0,0.0,0.017595608,0.080904705,0.080904705,0.9978200981633236,-0.06599281552817131,-0.34752905,0.0,0.0
0.017595608,0.080904705,0.080904705,0.9978200981633236,-0.06599281552817131,-0.34752905,0.0,1.0,0.020831797,0.17890276,0.17890276,0.9973373112765236,-0.07292659004584455,-0.6602842,0.0,0.0
0.020831797,0.17890276,0.17890276,0.9973373112765236,-0.07292659004584455,-0.6602842,1.0,0.0,0.027987907,0.08188557,0.08188557,0.9962873321559588,-0.08609036987702061,-0.39144802,0.0,0.0
0.027987907,0.08188557,0.08188557,0.9962873321559588,-0.08609036987702061,-0.39144802,1.0,0.0,0.03126333,-0.0150142545,-0.0150142545,0.9955828076682639,-0.0938875554872773,-0.1271384,0.0,0.0
0.03126333,-0.0150142545,-0.0150142545,0.9955828076682639,-0.0938875554872773,-0.1271384,1.0,0.0,0.030662758,-0.11184325,-0.11184325,0.9953408558724209,-0.09641877737845814,0.1344625,0.0,0.0
0.030662758,-0.11184325,-0.11184325,0.9953408558724209,-0.09641877737845814,0.1344625,0.0,1.0,0.02618903,-0.0136617385,-0.0136617385,0.995596550573953,-0.09374171155492203,-0.18705682,0.0,0.0
0.02618903,-0.0136617385,-0.0136617385,0.995596550573953,-0.09374171155492203,-0.18705682,1.0,0.0,0.025642559,-0.11049282,-0.11049282,0.99523888328476,-0.09746571293590295,0.07459717,0.0,0.0
0.025642559,-0.11049282,-0.11049282,0.99523888328476,-0.09746571293590295,0.07459717,0.0,1.0,0.021222847,-0.012304781,-0.012304781,0.9953831885831449,-0.09598076831350866,-0.2472194,0.0,0.0
0.021222847,-0.012304781,-0.012304781,0.9953831885831449,-0.09598076831350866,-0.2472194,0.0,1.0,0.020730656,0.085872235,0.085872235,0.9948964581368605,-0.10090112777729615,-0.568609,0.0,0.0
0.020730656,0.085872235,0.085872235,0.9948964581368605,-0.10090112777729615,-0.568609,1.0,0.0,0.024165545,-0.0109127175,-0.0109127175,0.993684684548266,-0.11220850098906533,-0.30940092,0.0,0.0
0.024165545,-0.0109127175,-0.0109127175,0.993684684548266,-0.11220850098906533,-0.30940092,0.0,1.0,0.023729036,0.087352025,0.087352025,0.992971315707939,-0.11835525413451059,-0.63532275,0.0,0.0
0.023729036,0.087352025,0.087352025,0.992971315707939,-0.11835525413451059,-0.63532275,1.0,0.0,0.027223118,-0.009290469,-0.009290469,0.9913873212936773,-0.1309625105827888,-0.38222948,0.0,0.0
0.027223118,-0.009290469,-0.009290469,0.9913873212936773,-0.1309625105827888,-0.38222948,1.0,0.0,0.026851498,-0.105808645,-0.105808645,0.9903572082704414,-0.13853735967881625,-0.13367179,0.0,0.0
0.026851498,-0.105808645,-0.105808645,0.9903572082704414,-0.13853735967881625,-0.13367179,1.0,0.0,0.022619152,-0.20225155,-0.20225155,0.9899832996258823,-0.14118451211747923,0.11213703,0.0,0.0
0.022619152,-0.20225155,-0.20225155,0.9899832996258823,-0.14118451211747923,0.11213703,1.0,0.0,0.01452909,-0.2986705,-0.2986705,0.9902974497642487,-0.13896388376274388,0.35698825,0.0,0.0
0.01452909,-0.2986705,-0.2986705,0.9902974497642487,-0.13896388376274388,0.35698825,0.0,1.0,0.0025822702,-0.200270415,-0.200270415,0.9912643707526418,-0.13188990589263833,0.023796758,0.0,0.0
0.0025822702,-0.200270415,-0.200270415,0.9912643707526418,-0.13188990589263833,0.023796758,0.0,1.0,-0.005428546,-0.101897195,-0.101897195,0.9913270288478543,-0.13141811852132704,-0.30752048,0.0,0.0
-0.005428546,-0.101897195,-0.101897195,0.9913270288478543,-0.13141811852132704,-0.30752048,0.0,1.0,-0.009504434,-0.00353239335,-0.00353239335,0.9905000089594707,-0.13751266214894042,-0.63869244,0.0,0.0
-0.009504434,-0.00353239335,-0.00353239335,0.9905000089594707,-0.13751266214894042,-0.63869244,1.0,0.0,-0.009645729,-0.100010545,-0.100010545,0.9886626826509952,-0.15015358781373647,-0.39243636,0.0,0.0
-0.009645729,-0.100010545,-0.100010545,0.9886626826509952,-0.15015358781373647,-0.39243636,1.0,0.0,-0.013646151,-0.19635935,-0.19635935,0.9874537262814354,-0.15790863957652276,-0.1508121,0.0,0.0
-0.013646151,-0.19635935,-0.19635935,0.9874537262814354,-0.15790863957652276,-0.1508121,1.0,0.0,-0.021500524,-0.29262832,-0.29262832,0.9869729448712674,-0.16088631418532204,0.087946214,0.0,0.0
-0.021500524,-0.29262832,-0.29262832,0.9869729448712674,-0.16088631418532204,0.087946214,0.0,1.0,-0.03320566,-0.194115875,-0.194115875,0.9872544041332564,-0.15915005975333124,-0.25104168,0.0,0.0
-0.03320566,-0.194115875,-0.194115875,0.9872544041332564,-0.15915005975333124,-0.25104168,1.0,0.0,-0.040970292,-0.29037665,-0.29037665,0.9864429000463909,-0.1641048596113657,-0.012730126,0.0,0.0
-0.040970292,-0.29037665,-0.29037665,0.9864429000463909,-0.1641048596113657,-0.012730126,1.0,0.0,-0.05258536,-0.3865873,-0.3865873,0.9864010869783989,-0.16435600265227057,0.22374184,0.0,0.0
-0.05258536,-0.3865873,-0.3865873,0.9864010869783989,-0.16435600265227057,0.22374184,0.0,1.0,-0.06804885,-0.28806255,-0.28806255,0.987126673812981,-0.1599403946691411,-0.11613358,0.0,0.0
-0.06804885,-0.28806255,-0.28806255,0.987126673812981,-0.1599403946691411,-0.11613358,0.0,1.0,-0.07957135,-0.18955487,-0.18955487,0.9867525227182289,-0.16223273069640184,-0.4548747,0.0,0.0
-0.07957135,-0.18955487,-0.18955487,0.9867525227182289,-0.16223273069640184,-0.4548747,1.0,0.0,-0.08715355,-0.28579895,-0.28579895,0.9852357987604876,-0.17120286458112774,-0.21766382,0.0,0.0
-0.08715355,-0.28579895,-0.28579895,0.9852357987604876,-0.17120286458112774,-0.21766382,1.0,0.0,-0.0985855,-0.38194815,-0.38194815,0.9844811697431743,-0.17549024594293336,0.016191434,0.0,0.0
-0.0985855,-0.38194815,-0.38194815,0.9844811697431743,-0.17549024594293336,0.016191434,1.0,0.0,-0.11386343,-0.47805372,-0.47805372,0.9845379488810029,-0.1751714223644594,0.24843967,0.0,0.0
-0.11386343,-0.47805372,-0.47805372,0.9845379488810029,-0.1751714223644594,0.24843967,1.0,0.0,-0.13298558,-0.5741675,-0.5741675,0.9853961817695351,-0.17027731779077676,0.4808222,0.0,0.0
-0.13298558,-0.5741675,-0.5741675,0.9853961817695351,-0.17027731779077676,0.4808222,0.0,1.0,-0.15595227,-0.47563155,-0.47563155,0.9869880573925898,-0.16079357749736745,0.13946997,0.0,0.0
-0.15595227,-0.47563155,-0.47563155,0.9869880573925898,-0.16079357749736745,0.13946997,0.0,1.0,-0.17497754,-0.3771205,-0.3771205,0.9874327330832898,-0.15803986090750835,-0.19949116,0.0,0.0
-0.17497754,-0.3771205,-0.3771205,0.9874327330832898,-0.15803986090750835,-0.19949116,0.0,1.0,-0.19006236,-0.27862358,-0.27862358,0.98679432486402,-0.16197827143219878,-0.5377321,0.0,0.0
-0.19006236,-0.27862358,-0.27862358,0.98679432486402,-0.16197827143219878,-0.5377321,0.0,1.0,-0.20120731,-0.180128365,-0.180128365,0.9849952735562495,-0.17258131727347917,-0.87693727,0.0,0.0
-0.20120731,-0.180128365,-0.180128365,0.9849952735562495,-0.17258131727347917,-0.87693727,0.0,1.0,-0.20841244,-0.08162783,-0.08162783,0.9818170740509092,-0.18982948428026536,-1.2187438,0.0,0.0
-0.20841244,-0.08162783,-0.08162783,0.9818170740509092,-0.18982948428026536,-1.2187438,0.0,1.0,-0.21167755,0.016872354,0.016872354,0.9768988120657337,-0.21370238881341086,-1.5646812,0.0,1.0
-0.034331262,0.021362154,0.021362154,0.9989127527243985,-0.04661879926129272,-0.027532108,1.0,0.0,-0.033476774,-0.07584945,-0.07584945,0.9988869312070362,-0.04716883148637062,0.2500797,1.0,0.0
-0.033476774,-0.07584945,-0.07584945,0.9988869312070362,-0.04716883148637062,0.2500797,1.0,0.0,-0.036510754,-0.17305818,-0.17305818,0.999110355460626,-0.04217223744765615,0.5275137,0.0,0.0
-0.036510754,-0.17305818,-0.17305818,0.999110355460626,-0.04217223744765615,0.5275137,0.0,1.0,-0.04343308,-0.07521353,-0.07521353,0.9994996716910729,-0.03162919994937412,0.2218422,0.0,0.0
-0.04343308,-0.07521353,-0.07521353,0.9994996716910729,-0.03162919994937412,0.2218422,0.0,1.0,-0.046441622,0.0225662215,0.0225662215,0.9996301672322884,-0.027194278058943616,-0.08064927,0.0,0.0
-0.046441622,0.0225662215,0.0225662215,0.9996301672322884,-0.027194278058943616,-0.08064927,0.0,1.0,-0.045538973,0.12031675,0.12031675,0.9995850028809847,-0.02880663144870865,-0.38178754,0.0,0.0
-0.045538973,0.12031675,0.12031675,0.9995850028809847,-0.02880663144870865,-0.38178754,0.0,1.0,-0.040726304,0.21807623,0.21807623,0.9993359047194736,-0.036438297689533224,-0.6834134,0.0,0.0
-0.040726304,0.21807623,0.21807623,0.9993359047194736,-0.036438297689533224,-0.6834134,0.0,1.0,-0.032003254,0.3158805,0.3158805,0.9987445244705294,-0.050093660678135234,-0.98734426,0.0,0.0
-0.032003254,0.3158805,0.3158805,0.9987445244705294,-0.050093660678135234,-0.98734426,0.0,1.0,-0.019368034,0.41375845,0.41375845,0.9975606760946558,-0.06980470979506503,-1.295337,0.0,0.0
-0.019368034,0.41375845,0.41375845,0.9975606760946558,-0.06980470979506503,-1.295337,0.0,1.0,-0.002817696,0.5117267,0.5117267,0.9954177240130299,-0.09562193639913182,-1.6090473,0.0,0.0
-0.002817696,0.5117267,0.5117267,0.9954177240130299,-0.09562193639913182,-1.6090473,0.0,1.0,0.017651372,0.60978385,0.60978385,0.9918256608069378,-0.1276003862254385,-1.9299836,0.0,0.0
0.017651372,0.60978385,0.60978385,0.9918256608069378,-0.1276003862254385,-1.9299836,0.0,1.0,0.042042725,0.70790355,0.70790355,0.9861627650746356,-0.16577997701878544,-2.2594512,0.0,0.0
0.042042725,0.70790355,0.70790355,0.9861627650746356,-0.16577997701878544,-2.2594512,0.0,1.0,0.070358865,0.8060267,0.8060267,0.9776671554753138,-0.2101593041119248,-2.5984867,0.0,1.0
