x1,x2_1,x2_2,y1_1,y1_2,y2,a1,a2,x11,x12_1,x12_2,y11_1,y11_2,y12,r,d
0.039517872,-0.018382503,-0.018382503,0.99999666,-0.00258553,0.025593499,0.0,1.0,0.03878257,0.07919697,0.07919697,0.99999785,-0.0020736614,-0.26790407,1.0,0.0
0.03878257,0.07919697,0.07919697,0.99999785,-0.0020736614,-0.26790407,1.0,0.0,0.04195045,-0.018349184,-0.018349184,0.9999724,-0.007431676,0.024124088,0.0,0.0
0.04195045,-0.018349184,-0.018349184,0.9999724,-0.007431676,0.024124088,1.0,0.0,0.04121648,-0.115856476,-0.115856476,0.99997586,-0.006949207,0.31445298,0.0,0.0
0.04121648,-0.115856476,-0.115856476,0.99997586,-0.006949207,0.31445298,1.0,0.0,0.036582224,-0.21336761,-0.21336761,0.99999976,-0.000660203,0.60493624,0.0,0.0
0.036582224,-0.21336761,-0.21336761,0.99999976,-0.000660203,0.60493624,1.0,0.0,0.028047519,-0.31092396,-0.31092396,0.99993455,0.011438273,0.89741117,0.0,0.0
0.028047519,-0.31092396,-0.31092396,0.99993455,0.011438273,0.89741117,0.0,1.0,0.015610561,-0.21344145,-0.21344145,0.9995682,0.029382516,0.60834557,0.0,0.0
0.015610561,-0.21344145,-0.21344145,0.9995682,0.029382516,0.60834557,0.0,1.0,0.0070729028,-0.11609192,-0.11609192,0.99913675,0.0415417,0.32506156,0.0,0.0
0.0070729028,-0.11609192,-0.11609192,0.99913675,0.0415417,0.32506156,1.0,0.0,0.0024292257,-0.21393603,-0.21393603,0.9988456,0.048036397,0.6305538,0.0,0.0
0.0024292257,-0.21393603,-0.21393603,0.9988456,0.048036397,0.6305538,1.0,0.0,-0.006128215,-0.31181523,-0.31181523,0.99816036,0.060628757,0.93797505,0.0,0.0
-0.006128215,-0.31181523,-0.31181523,0.99816036,0.060628757,0.93797505,1.0,0.0,-0.018600825,-0.4097578,-0.4097578,0.99684745,0.079341985,1.2490871,0.0,0.0
-0.018600825,-0.4097578,-0.4097578,0.99684745,0.079341985,1.2490871,0.0,1.0,-0.034991134,-0.31274825,-0.31274825,0.9945545,0.10421762,0.9823025,0.0,0.0
-0.034991134,-0.31274825,-0.31274825,0.9945545,0.10421762,0.9823025,1.0,0.0,-0.047501065,-0.4109254,-0.4109254,0.99231523,0.12373532,1.30587,0.0,0.0
-0.047501065,-0.4109254,-0.4109254,0.99231523,0.12373532,1.30587,1.0,0.0,-0.06393808,-0.50915384,-0.50915384,0.98874557,0.14960687,1.6346691,0.0,0.0
-0.06393808,-0.50915384,-0.50915384,0.98874557,0.14960687,1.6346691,0.0,1.0,-0.084304236,-0.4126167,-0.4126167,0.9833269,0.1818466,1.3923013,0.0,0.0
-0.084304236,-0.4126167,-0.4126167,0.9833269,0.1818466,1.3923013,1.0,0.0,-0.1008089,-0.51104975,-0.51104975,0.9778826,0.20915431,1.7361399,0.0,1.0
-0.04790393,-0.011919514,-0.011919514,0.99995446,0.009543236,-0.039856818,1.0,0.0,-0.04838071,-0.10954826,-0.10954826,0.99996173,0.008746133,0.2558218,1.0,0.0
-0.04838071,-0.10954826,-0.10954826,0.99996173,0.008746133,0.2558218,0.0,1.0,-0.052762643,-0.012050265,-0.012050265,0.9999039,0.013862236,-0.03408964,0.0,0.0
-0.052762643,-0.012050265,-0.012050265,0.9999039,0.013862236,-0.03408964,0.0,1.0,-0.05324465,0.085409954,0.085409954,0.99991316,0.013180506,-0.3223667,0.0,0.0
-0.05324465,0.085409954,0.085409954,0.99991316,0.013180506,-0.3223667,0.0,1.0,-0.049828254,0.18287586,0.18287586,0.99997735,0.0067335027,-0.6108639,0.0,0.0
-0.049828254,0.18287586,0.18287586,0.99997735,0.0067335027,-0.6108639,1.0,0.0,-0.042513218,0.08526815,0.08526815,0.999985,-0.0054836976,-0.3160678,0.0,0.0
-0.042513218,0.08526815,0.08526815,0.999985,-0.0054836976,-0.3160678,1.0,0.0,-0.039102495,-0.012253562,-0.012253562,0.9999303,-0.011804807,-0.025119286,0.0,0.0
-0.039102495,-0.012253562,-0.012253562,0.9999303,-0.011804807,-0.025119286,1.0,0.0,-0.039592635,-0.1097289,-0.1097289,0.99992424,-0.012307156,0.26381576,0.0,0.0
-0.039592635,-0.1097289,-0.1097289,0.99992424,-0.012307156,0.26381576,0.0,1.0,-0.04398179,-0.012081184,-0.012081184,0.99997526,-0.007031094,-0.032723527,0.0,0.0
-0.04398179,-0.012081184,-0.012081184,0.99997526,-0.007031094,-0.032723527,1.0,0.0,-0.04446504,-0.109591395,-0.109591395,0.99997044,-0.0076855468,0.25773272,0.0,0.0
-0.04446504,-0.109591395,-0.109591395,0.99997044,-0.0076855468,0.25773272,0.0,1.0,-0.048848696,-0.011975979,-0.011975979,0.9999968,-0.0025309653,-0.037364416,0.0,0.0
-0.048848696,-0.011975979,-0.011975979,0.9999968,-0.0025309653,-0.037364416,0.0,1.0,-0.049327735,0.085603096,0.085603096,0.99999464,-0.0032782503,-0.33084482,0.0,0.0
-0.049327735,0.085603096,0.085603096,0.99999464,-0.0032782503,-0.33084482,1.0,0.0,-0.045903612,-0.011934469,-0.011934469,0.99995106,-0.009894991,-0.03919749,0.0,0.0
-0.045903612,-0.011934469,-0.011934469,0.99995106,-0.009894991,-0.03919749,0.0,1.0,-0.04638099,0.08569675,0.08569675,0.99994296,-0.0106788995,-0.33498594,0.0,0.0
-0.04638099,0.08569675,0.08569675,0.99994296,-0.0106788995,-0.33498594,1.0,0.0,-0.04295312,-0.011787426,-0.011787426,0.999849,-0.017377947,-0.045689683,0.0,0.0
-0.04295312,-0.011787426,-0.011787426,0.999849,-0.017377947,-0.045689683,0.0,1.0,-0.043424617,0.08589597,0.08589597,0.9998327,-0.018291594,-0.34380472,0.0,0.0
-0.043424617,0.08589597,0.08589597,0.9998327,-0.018291594,-0.34380472,1.0,0.0,-0.03998878,-0.011532535,-0.011532535,0.99968326,-0.025166051,-0.056945845,0.0,0.0
-0.03998878,-0.011532535,-0.011532535,0.99968326,-0.025166051,-0.056945845,1.0,0.0,-0.040450078,-0.10890864,-0.10890864,0.999654,-0.026304591,0.22769111,0.0,0.0
-0.040450078,-0.10890864,-0.10890864,0.999654,-0.026304591,0.22769111,0.0,1.0,-0.044806425,-0.011164716,-0.011164716,0.99976337,-0.021752087,-0.073172726,0.0,0.0
-0.044806425,-0.011164716,-0.011164716,0.99976337,-0.021752087,-0.073172726,0.0,1.0,-0.045253012,0.08654876,0.08654876,0.99973047,-0.023215173,-0.3726389,0.0,0.0
-0.045253012,0.08654876,0.08654876,0.99973047,-0.023215173,-0.3726389,1.0,0.0,-0.041791063,-0.010843522,-0.010843522,0.9995297,-0.030665228,-0.087366074,0.0,0.0
-0.041791063,-0.010843522,-0.010843522,0.9995297,-0.030665228,-0.087366074,1.0,0.0,-0.042224802,-0.108178124,-0.108178124,0.9994746,-0.03241168,0.19548483,0.0,0.0
-0.042224802,-0.108178124,-0.108178124,0.9994746,-0.03241168,0.19548483,1.0,0.0,-0.046551928,-0.20549993,-0.20549993,0.9995937,-0.0285038,0.47776783,0.0,0.0
-0.046551928,-0.20549993,-0.20549993,0.9995937,-0.0285038,0.47776783,0.0,1.0,-0.054771926,-0.10774363,-0.10774363,0.9998204,-0.01895117,0.17623797,0.0,0.0
-0.054771926,-0.10774363,-0.10774363,0.9998204,-0.01895117,0.17623797,1.0,0.0,-0.05908167,-0.20516646,-0.20516646,0.99988097,-0.015426934,0.46288234,0.0,0.0
-0.05908167,-0.20516646,-0.20516646,0.99988097,-0.015426934,0.46288234,0.0,1.0,-0.06728833,-0.10749819,-0.10749819,0.999981,-0.0061698593,0.16537687,0.0,0.0
-0.06728833,-0.10749819,-0.10749819,0.999981,-0.0061698593,0.16537687,1.0,0.0,-0.071588255,-0.20501474,-0.20501474,0.9999959,-0.0028623573,0.456107,0.0,0.0
-0.071588255,-0.20501474,-0.20501474,0.9999959,-0.0028623573,0.456107,0.0,1.0,-0.07978885,-0.10743359,-0.10743359,0.9999804,0.0062597375,0.16252321,0.0,0.0
-0.07978885,-0.10743359,-0.10743359,0.9999804,0.0062597375,0.16252321,0.0,1.0,-0.08408619,-0.009917695,-0.009917695,0.99995476,0.009510099,-0.12817837,0.0,0.0
-0.08408619,-0.009917695,-0.009917695,0.99995476,0.009510099,-0.12817837,0.0,1.0,-0.0844829,0.08757452,0.08757452,0.99997586,0.006946619,-0.41784582,0.0,0.0
-0.0844829,0.08757452,0.08757452,0.99997586,0.006946619,-0.41784582,1.0,0.0,-0.08097992,-0.0100353295,-0.0100353295,0.999999,-0.0014102408,-0.122981034,0.0,0.0
-0.08097992,-0.0100353295,-0.0100353295,0.999999,-0.0014102408,-0.122981034,1.0,0.0,-0.08138133,-0.10758619,-0.10758619,0.9999925,-0.0038698523,0.16925664,0.0,0.0
-0.08138133,-0.10758619,-0.10758619,0.9999925,-0.0038698523,0.16925664,1.0,0.0,-0.08568478,-0.20511936,-0.20511936,0.9999999,-0.00048472898,0.46071625,0.0,0.0
-0.08568478,-0.20511936,-0.20511936,0.9999999,-0.00048472898,0.46071625,1.0,0.0,-0.09388955,-0.30267692,-0.30267692,0.9999619,0.008729485,0.75324637,0.0,0.0
-0.09388955,-0.30267692,-0.30267692,0.9999619,0.008729485,0.75324637,0.0,1.0,-0.10599663,-0.20517665,-0.20517665,0.99971694,0.023792278,0.46332318,0.0,0.0
-0.10599663,-0.20517665,-0.20517665,0.99971694,0.023792278,0.46332318,1.0,0.0,-0.11420369,-0.30290166,-0.30290166,0.99945354,0.033054963,0.7634101,0.0,0.0
-0.11420369,-0.30290166,-0.30290166,0.99945354,0.033054963,0.7634101,0.0,1.0,-0.12631977,-0.20557596,-0.20557596,0.99883235,0.048310377,0.48131076,0.0,0.0
-0.12631977,-0.20557596,-0.20557596,0.99883235,0.048310377,0.48131076,0.0,1.0,-0.1345428,-0.108372144,-0.108372144,0.99832106,0.057922967,0.20424303,0.0,0.0
-0.1345428,-0.108372144,-0.108372144,0.99832106,0.057922967,0.20424303,0.0,1.0,-0.13887769,-0.011248483,-0.011248483,0.99807614,0.062000472,-0.06960939,0.0,0.0
-0.13887769,-0.011248483,-0.011248483,0.99807614,0.062000472,-0.06960939,1.0,0.0,-0.13932763,-0.10922549,-0.10922549,0.9981615,0.060610905,0.24198428,0.0,0.0
-0.13932763,-0.10922549,-0.10922549,0.9981615,0.060610905,0.24198428,1.0,0.0,-0.14369665,-0.20719223,-0.20719223,0.99785644,0.06544096,0.55316377,0.0,0.0
-0.14369665,-0.20719223,-0.20719223,0.99785644,0.06544096,0.55316377,0.0,1.0,-0.15198433,-0.11012015,-0.11012015,0.9970714,0.07647629,0.28181142,0.0,0.0
-0.15198433,-0.11012015,-0.11012015,0.9970714,0.07647629,0.28181142,0.0,1.0,-0.15638913,-0.013144499,-0.013144499,0.9966245,0.08209477,0.014220492,0.0,0.0
-0.15638913,-0.013144499,-0.013144499,0.9966245,0.08209477,0.014220492,1.0,0.0,-0.15691492,-0.111243784,-0.111243784,0.99660116,0.082378216,0.3316608,0.0,0.0
-0.15691492,-0.111243784,-0.111243784,0.99660116,0.082378216,0.3316608,0.0,1.0,-0.16136467,-0.0143152205,-0.0143152205,0.9960328,0.08898703,0.066082664,0.0,0.0
-0.16136467,-0.0143152205,-0.0143152205,0.9960328,0.08898703,0.066082664,1.0,0.0,-0.16193728,-0.11245471,-0.11245471,0.9959143,0.09030336,0.3854953,0.0,0.0
-0.16193728,-0.11245471,-0.11245471,0.9959143,0.09030336,0.3854953,0.0,1.0,-0.16643547,-0.0155898845,-0.0155898845,0.9951885,0.097979,0.12263729,0.0,0.0
-0.16643547,-0.0155898845,-0.0155898845,0.9951885,0.097979,0.12263729,0.0,1.0,-0.16705906,0.081204616,0.081204616,0.99494517,0.100419655,-0.1375432,0.0,0.0
-0.16705906,0.081204616,0.081204616,0.99494517,0.100419655,-0.1375432,1.0,0.0,-0.16381088,-0.016999412,-0.016999412,0.9952176,0.09768232,0.18510304,0.0,0.0
-0.16381088,-0.016999412,-0.016999412,0.9952176,0.09768232,0.18510304,0.0,1.0,-0.16449085,0.07979851,0.07979851,0.9948492,0.101366,-0.07518335,0.0,0.0
-0.16449085,0.07979851,0.07979851,0.9948492,0.101366,-0.07518335,1.0,0.0,-0.16129892,-0.018411474,-0.018411474,0.9950005,0.09986996,0.24773063,0.0,0.0
-0.16129892,-0.018411474,-0.018411474,0.9950005,0.09986996,0.24773063,1.0,0.0,-0.16203538,-0.116610356,-0.116610356,0.9944935,0.104798555,0.5702162,0.0,0.0
-0.16203538,-0.116610356,-0.116610356,0.9944935,0.104798555,0.5702162,0.0,1.0,-0.16669978,-0.019857852,-0.019857852,0.9932337,0.11613302,0.31236777,0.0,0.0
-0.16669978,-0.019857852,-0.019857852,0.9932337,0.11613302,0.31236777,1.0,0.0,-0.1674941,-0.11814343,-0.11814343,0.99248874,0.1223358,0.6393725,0.0,0.0
-0.1674941,-0.11814343,-0.11814343,0.99248874,0.1223358,0.6393725,0.0,1.0,-0.17221984,-0.021534503,-0.021534503,0.9908433,0.13501684,0.3876894,0.0,0.0
-0.17221984,-0.021534503,-0.021534503,0.9908433,0.13501684,0.3876894,0.0,1.0,-0.17308122,0.07494837,0.07494837,0.98976666,0.1426955,0.14058614,0.0,0.0
-0.17308122,0.07494837,0.07494837,0.98976666,0.1426955,0.14058614,1.0,0.0,-0.17008328,-0.023477344,-0.023477344,0.9893615,0.14547789,0.4747941,0.0,0.0
-0.17008328,-0.023477344,-0.023477344,0.9893615,0.14547789,0.4747941,1.0,0.0,-0.17102239,-0.12190199,-0.12190199,0.9879355,0.15486604,0.8096973,0.0,0.0
-0.17102239,-0.12190199,-0.12190199,0.9879355,0.15486604,0.8096973,1.0,0.0,-0.17589846,-0.2203378,-0.2203378,0.98529816,0.17084362,1.1469725,0.0,0.0
-0.17589846,-0.2203378,-0.2203378,0.98529816,0.17084362,1.1469725,1.0,0.0,-0.18471196,-0.31878594,-0.31878594,0.9811202,0.19339888,1.4882029,0.0,0.0
-0.18471196,-0.31878594,-0.31878594,0.9811202,0.19339888,1.4882029,0.0,1.0,-0.19746341,-0.2226398,-0.2226398,0.97493017,0.22251102,1.2620693,0.0,1.0
0.039517872,-0.018382503,-0.018382503,0.99999666,-0.00258553,0.025593499,0.0,1.0,0.03878257,0.07919697,0.07919697,0.99999785,-0.0020736614,-0.26790407,1.0,0.0
0.03878257,0.07919697,0.07919697,0.99999785,-0.0020736614,-0.26790407,0.0,1.0,0.04195045,0.17677271,0.17677271,0.9999724,-0.007431676,-0.5612403,0.0,0.0
0.04195045,0.17677271,0.17677271,0.9999724,-0.007431676,-0.5612403,1.0,0.0,0.04902136,0.079264276,0.079264276,0.99982595,-0.018655468,-0.270908,0.0,0.0
0.04902136,0.079264276,0.079264276,0.99982595,-0.018655468,-0.270908,1.0,0.0,0.052191928,-0.01816114,-0.01816114,0.9997102,-0.024072386,0.015832655,0.0,0.0
0.052191928,-0.01816114,-0.01816114,0.9997102,-0.024072386,0.015832655,1.0,0.0,0.051465485,-0.11554542,-0.11554542,0.9997178,-0.023755822,0.30082357,0.0,0.0
0.051465485,-0.11554542,-0.11554542,0.9997178,-0.023755822,0.30082357,0.0,1.0,0.046843667,-0.017819233,-0.017819233,0.99984264,-0.017740656,0.00074351655,0.0,0.0
0.046843667,-0.017819233,-0.017819233,0.99984264,-0.017740656,0.00074351655,0.0,1.0,0.0461309,0.079866685,0.079866685,0.9998429,-0.017725788,-0.29748386,0.0,0.0
0.0461309,0.079866685,0.079866685,0.9998429,-0.017725788,-0.29748386,1.0,0.0,0.049325567,-0.017565727,-0.017565727,0.99971974,-0.023674183,-0.010443938,0.0,0.0
0.049325567,-0.017565727,-0.017565727,0.99971974,-0.023674183,-0.010443938,1.0,0.0,0.048622936,-0.114953,-0.114953,0.99971473,-0.023883002,0.2746758,0.0,0.0
0.048622936,-0.114953,-0.114953,0.99971473,-0.023883002,0.2746758,0.0,1.0,0.044024818,-0.017225768,-0.017225768,0.9998309,-0.01839072,-0.025443882,0.0,0.0
0.044024818,-0.017225768,-0.017225768,0.9998309,-0.01839072,-0.025443882,0.0,1.0,0.043335784,0.08046464,0.08046464,0.99982136,-0.01889951,-0.32387242,0.0,0.0
0.043335784,0.08046464,0.08046464,0.99982136,-0.01889951,-0.32387242,1.0,0.0,0.04655437,-0.016959261,-0.016959261,0.999678,-0.025375359,-0.03720937,0.0,0.0
0.04655437,-0.016959261,-0.016959261,0.999678,-0.025375359,-0.03720937,0.0,1.0,0.045876,0.08077899,0.08077899,0.9996588,-0.0261193,-0.33779007,0.0,0.0
0.045876,0.08077899,0.08077899,0.9996588,-0.0261193,-0.33779007,1.0,0.0,0.04910716,-0.016591346,-0.016591346,0.99945956,-0.032872148,-0.053457793,0.0,0.0
0.04910716,-0.016591346,-0.016591346,0.99945956,-0.032872148,-0.053457793,0.0,1.0,0.048443507,0.08119744,0.08119744,0.99942386,-0.033940706,-0.35633,0.0,0.0
0.048443507,0.08119744,0.08119744,0.99942386,-0.033940706,-0.35633,1.0,0.0,0.051691405,-0.016114194,-0.016114194,0.9991566,-0.04106228,-0.07454188,0.0,0.0
0.051691405,-0.016114194,-0.016114194,0.9991566,-0.04106228,-0.07454188,1.0,0.0,0.051046837,-0.113369085,-0.113369085,0.99909425,-0.042551816,0.2049044,0.0,0.0
0.051046837,-0.113369085,-0.113369085,0.99909425,-0.042551816,0.2049044,1.0,0.0,0.046512075,-0.21061319,-0.21061319,0.99926025,-0.038457092,0.48386228,0.0,0.0
0.046512075,-0.21061319,-0.21061319,0.99926025,-0.038457092,0.48386228,0.0,1.0,0.038087547,-0.112791635,-0.112791635,0.9995856,-0.028785355,0.1793083,0.0,0.0
0.038087547,-0.112791635,-0.112791635,0.9995856,-0.028785355,0.1793083,0.0,1.0,0.03357588,-0.015030713,-0.015030713,0.9996824,-0.025200497,-0.12231583,0.0,0.0
0.03357588,-0.015030713,-0.015030713,0.9996824,-0.025200497,-0.12231583,1.0,0.0,0.032974653,-0.1124067,-0.1124067,0.99961776,-0.02764596,0.1623104,0.0,0.0
0.032974653,-0.1124067,-0.1124067,0.99961776,-0.02764596,0.1623104,0.0,1.0,0.028478384,-0.014653379,-0.014653379,0.9997023,-0.024400853,-0.13896538,0.0,0.0
0.028478384,-0.014653379,-0.014653379,0.9997023,-0.024400853,-0.13896538,1.0,0.0,0.027892249,-0.11203542,-0.11203542,0.9996306,-0.027179236,0.14591992,0.0,0.0
0.027892249,-0.11203542,-0.11203542,0.9996306,-0.027179236,0.14591992,0.0,1.0,0.02341083,-0.014285189,-0.014285189,0.9997056,-0.024261802,-0.15521315,0.0,0.0
0.02341083,-0.014285189,-0.014285189,0.9997056,-0.024261802,-0.15521315,1.0,0.0,0.022839423,-0.11166833,-0.11166833,0.9996255,-0.02736503,0.12971732,0.0,0.0
0.022839423,-0.11166833,-0.11166833,0.9996255,-0.02736503,0.12971732,0.0,1.0,0.01837269,-0.013916783,-0.013916783,0.99969316,-0.024771567,-0.17147283,0.0,0.0
0.01837269,-0.013916783,-0.013916783,0.99969316,-0.024771567,-0.17147283,0.0,1.0,0.017816018,0.08381703,0.08381703,0.9996023,-0.028199818,-0.4718671,0.0,0.0
0.017816018,0.08381703,0.08381703,0.9996023,-0.028199818,-0.4718671,0.0,1.0,0.0211687,0.18157138,0.18157138,0.99929166,-0.03763201,-0.7733043,0.0,0.0
0.0211687,0.18157138,0.18157138,0.99929166,-0.03763201,-0.7733043,1.0,0.0,0.028431555,0.08427917,0.08427917,0.9985902,-0.053082027,-0.49269822,0.0,0.0
0.028431555,0.08427917,0.08427917,0.9985902,-0.053082027,-0.49269822,1.0,0.0,0.03180272,-0.012887959,-0.012887959,0.9980186,-0.06291936,-0.21721393,0.0,0.0
0.03180272,-0.012887959,-0.012887959,0.9980186,-0.06291936,-0.21721393,1.0,0.0,0.031287204,-0.10997198,-0.10997198,0.99773586,-0.067254424,0.054962747,0.0,0.0
0.031287204,-0.10997198,-0.10997198,0.99773586,-0.067254424,0.054962747,0.0,1.0,0.026888324,-0.011962366,-0.011962366,0.9978092,-0.06615762,-0.25817317,0.0,0.0
0.026888324,-0.011962366,-0.011962366,0.9978092,-0.06615762,-0.25817317,1.0,0.0,0.02640983,-0.10902105,-0.10902105,0.9974543,-0.071308866,0.012914636,0.0,0.0
0.02640983,-0.10902105,-0.10902105,0.9974543,-0.071308866,0.012914636,1.0,0.0,0.022048987,-0.2060359,-0.2060359,0.99747264,-0.071051225,0.28225347,0.0,0.0
0.022048987,-0.2060359,-0.2060359,0.99747264,-0.071051225,0.28225347,1.0,0.0,0.013807552,-0.30305558,-0.30305558,0.99785787,-0.065419324,0.5516879,0.0,0.0
0.013807552,-0.30305558,-0.30305558,0.99785787,-0.065419324,0.5516879,0.0,1.0,0.0016853282,-0.20506692,-0.20506692,0.99851894,-0.054405443,0.2391183,0.0,0.0
0.0016853282,-0.20506692,-0.20506692,0.99851894,-0.054405443,0.2391183,0.0,1.0,-0.006517349,-0.107139125,-0.107139125,0.9987677,-0.049629554,-0.07022519,0.0,0.0
-0.006517349,-0.107139125,-0.107139125,0.9987677,-0.049629554,-0.07022519,1.0,0.0,-0.010802913,-0.20432726,-0.20432726,0.998697,-0.05103228,0.20638885,0.0,0.0
-0.010802913,-0.20432726,-0.20432726,0.998697,-0.05103228,0.20638885,0.0,1.0,-0.018976005,-0.10642054,-0.10642054,0.99889916,-0.04690946,-0.10195209,0.0,0.0
-0.018976005,-0.10642054,-0.10642054,0.99889916,-0.04690946,-0.10195209,1.0,0.0,-0.023232825,-0.20363009,-0.20363009,0.9988014,-0.048946157,0.17556415,0.0,0.0
-0.023232825,-0.20363009,-0.20363009,0.9988014,-0.048946157,0.17556415,0.0,1.0,-0.03137803,-0.10573646,-0.10573646,0.9989671,-0.045438785,-0.13215493,0.0,0.0
-0.03137803,-0.10573646,-0.10573646,0.9989671,-0.045438785,-0.13215493,0.0,1.0,-0.035607487,-0.007865163,-0.007865163,0.99884355,-0.04807899,-0.43882456,0.0,0.0
-0.035607487,-0.007865163,-0.007865163,0.99884355,-0.04807899,-0.43882456,1.0,0.0,-0.035922095,-0.10506985,-0.10506985,0.9983831,-0.05684337,-0.16168295,0.0,0.0
-0.035922095,-0.10506985,-0.10506985,0.9983831,-0.05684337,-0.16168295,0.0,1.0,-0.04012489,-0.0071258065,-0.0071258065,0.9981941,-0.0600715,-0.47175193,0.0,0.0
-0.04012489,-0.0071258065,-0.0071258065,0.9981941,-0.0600715,-0.47175193,1.0,0.0,-0.04040992,-0.10423768,-0.10423768,0.99758285,-0.069486685,-0.19860347,0.0,0.0
-0.04040992,-0.10423768,-0.10423768,0.99758285,-0.069486685,-0.19860347,1.0,0.0,-0.044579428,-0.20126864,-0.20126864,0.997299,-0.07344859,0.07135674,0.0,0.0
-0.044579428,-0.20126864,-0.20126864,0.997299,-0.07344859,0.07135674,1.0,0.0,-0.052630175,-0.29826626,-0.29826626,0.9974028,-0.07202524,0.33996972,0.0,0.0
-0.052630175,-0.29826626,-0.29826626,0.9974028,-0.07202524,0.33996972,0.0,1.0,-0.06456082,-0.20023143,-0.20023143,0.9978695,-0.06524189,0.025453646,0.0,0.0
-0.06456082,-0.20023143,-0.20023143,0.9978695,-0.06524189,0.025453646,0.0,1.0,-0.07257008,-0.102234155,-0.102234155,0.9979026,-0.06473389,-0.28709292,0.0,0.0
-0.07257008,-0.102234155,-0.102234155,0.9979026,-0.06473389,-0.28709292,1.0,0.0,-0.07665945,-0.19930476,-0.19930476,0.9975144,-0.070462614,-0.01552369,0.0,0.0
-0.07665945,-0.19930476,-0.19930476,0.9975144,-0.070462614,-0.01552369,0.0,1.0,-0.08463164,-0.10127539,-0.10127539,0.9974925,-0.07077231,-0.32959682,0.0,0.0
-0.08463164,-0.10127539,-0.10127539,0.9974925,-0.07077231,-0.32959682,1.0,0.0,-0.08868265,-0.19829834,-0.19829834,0.99700433,-0.07734613,-0.060064882,0.0,0.0
-0.08868265,-0.19829834,-0.19829834,0.99700433,-0.07734613,-0.060064882,1.0,0.0,-0.096614584,-0.29526404,-0.29526404,0.9969107,-0.078543775,0.20722102,0.0,0.0
-0.096614584,-0.29526404,-0.29526404,0.9969107,-0.078543775,0.20722102,0.0,1.0,-0.10842515,-0.1971875,-0.1971875,0.9972276,-0.0744115,-0.109191485,0.0,0.0
-0.10842515,-0.1971875,-0.1971875,0.9972276,-0.0744115,-0.109191485,1.0,0.0,-0.116312645,-0.2941775,-0.2941775,0.99706274,-0.07658909,0.15909487,0.0,0.0
-0.116312645,-0.2941775,-0.2941775,0.99706274,-0.07658909,0.15909487,0.0,1.0,-0.12807974,-0.19611199,-0.19611199,0.9973014,-0.07341616,-0.15675476,0.0,0.0
-0.12807974,-0.19611199,-0.19611199,0.9973014,-0.07341616,-0.15675476,0.0,1.0,-0.13592423,-0.09806553,-0.09806553,0.9970663,-0.07654243,-0.47168472,0.0,0.0
-0.13592423,-0.09806553,-0.09806553,0.9970663,-0.07654243,-0.47168472,0.0,1.0,-0.13984685,-7.644481e-06,-7.644481e-06,0.99629986,-0.0859449,-0.78749883,0.0,0.0
-0.13984685,-7.644481e-06,-7.644481e-06,0.99629986,-0.0859449,-0.78749883,1.0,0.0,-0.13984716,-0.09692823,-0.09692823,0.99482274,-0.10162529,-0.5230807,0.0,0.0
-0.13984716,-0.09692823,-0.09692823,0.99482274,-0.10162529,-0.5230807,1.0,0.0,-0.14372428,-0.19370468,-0.19370468,0.99370515,-0.112027,-0.26413232,0.0,0.0
-0.14372428,-0.19370468,-0.19370468,0.99370515,-0.112027,-0.26413232,1.0,0.0,-0.15147248,-0.29038244,-0.29038244,0.9930995,-0.1172748,-0.0088607175,0.0,0.0
-0.15147248,-0.29038244,-0.29038244,0.9930995,-0.1172748,-0.0088607175,1.0,0.0,-0.16308777,-0.38701102,-0.38701102,0.9930787,-0.11745079,0.24454592,0.0,0.0
-0.16308777,-0.38701102,-0.38701102,0.9930787,-0.11745079,0.24454592,0.0,1.0,-0.17856821,-0.28871632,-0.28871632,0.99364126,-0.11259234,-0.08282777,0.0,0.0
-0.17856821,-0.28871632,-0.28871632,0.99364126,-0.11259234,-0.08282777,1.0,0.0,-0.19011687,-0.38538575,-0.38538575,0.9934534,-0.1142382,0.17223434,0.0,0.0
-0.19011687,-0.38538575,-0.38538575,0.9934534,-0.1142382,0.17223434,1.0,0.0,-0.2055323,-0.48204228,-0.48204228,0.993841,-0.1108154,0.42671955,0.0,0.0
-0.2055323,-0.48204228,-0.48204228,0.993841,-0.1108154,0.42671955,0.0,1.0,-0.22481398,-0.3837897,-0.3837897,0.99475056,-0.102329634,0.101197496,0.0,0.0
-0.22481398,-0.3837897,-0.3837897,0.99475056,-0.102329634,0.101197496,1.0,0.0,-0.24016558,-0.48054713,-0.48054713,0.9949556,-0.1003161,0.35986108,0.0,0.0
-0.24016558,-0.48054713,-0.48054713,0.9949556,-0.1003161,0.35986108,0.0,1.0,-0.25938746,-0.38234907,-0.38234907,0.99565184,-0.09315265,0.03726007,0.0,0.0
-0.25938746,-0.38234907,-0.38234907,0.99565184,-0.09315265,0.03726007,1.0,0.0,-0.27468142,-0.47918358,-0.47918358,0.995721,-0.09241066,0.2991135,0.0,0.0
-0.27468142,-0.47918358,-0.47918358,0.995721,-0.09241066,0.2991135,1.0,0.0,-0.29384875,-0.5760282,-0.5760282,0.996256,-0.08645237,0.5612356,0.0,0.0
-0.29384875,-0.5760282,-0.5760282,0.996256,-0.08645237,0.5612356,0.0,1.0,-0.31688988,-0.4779166,-0.4779166,0.9971636,-0.075264476,0.24258566,0.0,0.0
-0.31688988,-0.4779166,-0.4779166,0.9971636,-0.075264476,0.24258566,1.0,0.0,-0.33600655,-0.5749014,-0.5749014,0.99751705,-0.07042566,0.510587,0.0,0.0
-0.33600655,-0.5749014,-0.5749014,0.99751705,-0.07042566,0.510587,0.0,1.0,-0.35900262,-0.47688118,-0.47688118,0.9981842,-0.060235776,0.19655135,0.0,0.0
-0.35900262,-0.47688118,-0.47688118,0.9981842,-0.060235776,0.19655135,1.0,0.0,-0.37807786,-0.57398635,-0.57398635,0.99841326,-0.056311432,0.4696286,0.0,0.0
-0.37807786,-0.57398635,-0.57398635,0.99841326,-0.056311432,0.4696286,1.0,0.0,-0.4010373,-0.6711277,-0.6711277,0.9988981,-0.04693142,0.74403465,0.0,0.0
-0.4010373,-0.6711277,-0.6711277,0.9988981,-0.04693142,0.74403465,0.0,1.0,-0.42788243,-0.573259,-0.573259,0.99948585,-0.032062475,0.43695426,0.0,0.0
-0.42788243,-0.573259,-0.573259,0.99948585,-0.032062475,0.43695426,1.0,0.0,-0.4508128,-0.6705859,-0.6705859,0.9997279,-0.02332677,0.7193583,0.0,0.0
-0.4508128,-0.6705859,-0.6705859,0.9997279,-0.02332677,0.7193583,0.0,1.0,-0.47763622,-0.57286745,-0.57286745,0.99996,-0.0089416,0.41942474,0.0,0.0
-0.47763622,-0.57286745,-0.57286745,0.99996,-0.0089416,0.41942474,0.0,1.0,-0.5005509,-0.4752437,-0.4752437,0.9999998,-0.00055322424,0.12393637,0.0,0.0
-0.5005509,-0.4752437,-0.4752437,0.9999998,-0.00055322424,0.12393637,0.0,1.0,-0.51956064,-0.37767875,-0.37767875,0.99999815,0.0019255021,-0.16892104,0.0,0.0
-0.51956064,-0.37767875,-0.37767875,0.99999815,0.0019255021,-0.16892104,1.0,0.0,-0.5346678,-0.47525346,-0.47525346,0.9999989,-0.001452917,0.124368705,0.0,0.0
-0.5346678,-0.47525346,-0.47525346,0.9999989,-0.001452917,0.124368705,1.0,0.0,-0.553678,-0.57280403,-0.57280403,0.99999946,0.0010344564,0.4165929,0.0,0.0
-0.553678,-0.57280403,-0.57280403,0.99999946,0.0010344564,0.4165929,0.0,1.0,-0.5765901,-0.4752504,-0.4752504,0.99995613,0.009366178,0.12423627,0.0,0.0
-0.5765901,-0.4752504,-0.4752504,0.99995613,0.009366178,0.12423627,1.0,0.0,-0.5956001,-0.5728778,-0.5728778,0.9999298,0.011850762,0.41985938,0.0,0.0
-0.5956001,-0.5728778,-0.5728778,0.9999298,0.011850762,0.41985938,0.0,1.0,-0.61851525,-0.47540182,-0.47540182,0.999795,0.020246845,0.130936,0.0,0.0
-0.61851525,-0.47540182,-0.47540182,0.999795,0.020246845,0.130936,1.0,0.0,-0.63753134,-0.57310486,-0.57310486,0.9997386,0.022864955,0.42993757,0.0,0.0
-0.63753134,-0.57310486,-0.57310486,0.9997386,0.022864955,0.42993757,1.0,0.0,-0.6604555,-0.67082393,-0.67082393,0.999505,0.03146051,0.7297405,0.0,0.0
-0.6604555,-0.67082393,-0.67082393,0.999505,0.03146051,0.7297405,0.0,1.0,-0.68728846,-0.57348734,-0.57348734,0.9989394,0.046044223,0.4471246,0.0,0.0
-0.68728846,-0.57348734,-0.57348734,0.9989394,0.046044223,0.4471246,0.0,1.0,-0.71022797,-0.47626674,-0.47626674,0.9984877,0.05497527,0.16930923,0.0,0.0
-0.71022797,-0.47626674,-0.47626674,0.9984877,0.05497527,0.16930923,0.0,1.0,-0.7292786,-0.3791201,-0.3791201,0.99829584,0.058356013,-0.10552723,0.0,0.0
-0.7292786,-0.3791201,-0.3791201,0.99829584,0.058356013,-0.10552723,0.0,1.0,-0.7444434,-0.28200075,-0.28200075,0.9984168,0.056248937,-0.37923208,0.0,0.0
-0.7444434,-0.28200075,-0.28200075,0.9984168,0.056248937,-0.37923208,1.0,0.0,-0.7557235,-0.37993783,-0.37993783,0.9988147,0.04867476,-0.06934888,0.0,0.0
-0.7557235,-0.37993783,-0.37993783,0.9988147,0.04867476,-0.06934888,0.0,1.0,-0.770921,-0.2827422,-0.2827422,0.9988812,0.04728938,-0.34627974,0.0,0.0
-0.770921,-0.2827422,-0.2827422,0.9988812,0.04728938,-0.34627974,0.0,1.0,-0.7822307,-0.18553308,-0.18553308,0.9991848,0.040370453,-0.62367773,0.0,0.0
-0.7822307,-0.18553308,-0.18553308,0.9991848,0.040370453,-0.62367773,0.0,1.0,-0.789652,-0.0882653,-0.0882653,0.9996106,0.02790425,-0.9033743,0.0,0.0
-0.789652,-0.0882653,-0.0882653,0.9996106,0.02790425,-0.9033743,0.0,1.0,-0.7931826,0.009101224,0.009101224,0.9999516,0.009840228,-1.1871563,0.0,0.0
-0.7931826,0.009101224,0.009101224,0.9999516,0.009840228,-1.1871563,0.0,1.0,-0.79281855,0.106597714,0.106597714,0.9999034,-0.013902292,-1.4767386,0.0,0.0
-0.79281855,0.106597714,0.106597714,0.9999034,-0.013902292,-1.4767386,1.0,0.0,-0.7885546,0.00912301,0.00912301,0.99905676,-0.043423854,-1.18843,0.0,0.0
-0.7885546,0.00912301,0.00912301,0.99905676,-0.043423854,-1.18843,0.0,1.0,-0.7881897,0.106951654,0.106951654,0.99774253,-0.06715553,-1.4944057,0.0,0.0
-0.7881897,0.106951654,0.106951654,0.99774253,-0.06715553,-1.4944057,0.0,1.0,-0.78391165,0.20488763,0.20488763,0.99529004,-0.09694174,-1.807294,0.0,0.0
-0.78391165,0.20488763,0.20488763,0.99529004,-0.09694174,-1.807294,0.0,1.0,-0.7757161,0.3029186,0.3029186,0.99113667,-0.13284622,-2.1285026,0.0,0.0
-0.7757161,0.3029186,0.3029186,0.99113667,-0.13284622,-2.1285026,0.0,1.0,-0.7635994,0.40100348,0.40100348,0.98458517,-0.17490587,-2.459206,0.0,0.0
-0.7635994,0.40100348,0.40100348,0.98458517,-0.17490587,-2.459206,0.0,1.0,-0.74755925,0.49906385,0.49906385,0.9747954,-0.22310078,-2.8002746,0.0,1.0
-0.04790393,-0.011919514,-0.011919514,0.99995446,0.009543236,-0.039856818,0.0,1.0,-0.04838071,0.08557239,0.08557239,0.99996173,0.008746133,-0.3295135,1.0,0.0
-0.04838071,0.08557239,0.08557239,0.99996173,0.008746133,-0.3295135,0.0,1.0,-0.044957817,0.18307057,0.18307057,0.9999977,0.0021559729,-0.6194255,0.0,0.0
-0.044957817,0.18307057,0.18307057,0.9999977,0.0021559729,-0.6194255,0.0,1.0,-0.03763499,0.28061646,0.28061646,0.99994767,-0.010232356,-0.91142863,0.0,0.0
-0.03763499,0.28061646,0.28061646,0.99994767,-0.010232356,-0.91142863,0.0,1.0,-0.026410334,0.37824592,0.37824592,0.999595,-0.028457265,-1.20731,0.0,0.0
-0.026410334,0.37824592,0.37824592,0.999595,-0.028457265,-1.20731,0.0,1.0,-0.011280498,0.47598484,0.47598484,0.9986166,-0.052583043,-1.5087744,0.0,0.0
-0.011280498,0.47598484,0.47598484,0.9986166,-0.052583043,-1.5087744,1.0,0.0,0.0077588954,0.37876168,0.37876168,0.9965755,-0.08268827,-1.2329679,0.0,0.0
0.0077588954,0.37876168,0.37876168,0.9965755,-0.08268827,-1.2329679,1.0,0.0,0.022909362,0.2817788,0.2817788,0.99423367,-0.10723556,-0.967326,0.0,0.0
0.022909362,0.2817788,0.2817788,0.99423367,-0.10723556,-0.967326,1.0,0.0,0.034180515,0.18501483,0.18501483,0.9919731,-0.12644924,-0.7102352,0.0,0.0
0.034180515,0.18501483,0.18501483,0.9919731,-0.12644924,-0.7102352,1.0,0.0,0.04158111,0.08843518,0.08843518,0.9900769,-0.1405267,-0.45999807,0.0,0.0
0.04158111,0.08843518,0.08843518,0.9900769,-0.1405267,-0.45999807,1.0,0.0,0.045118514,-0.008003267,-0.008003267,0.9887422,-0.1496293,-0.21486849,0.0,0.0
0.045118514,-0.008003267,-0.008003267,0.9887422,-0.1496293,-0.21486849,1.0,0.0,0.044798385,-0.104348905,-0.104348905,0.98809004,-0.15387689,0.026923493,0.0,0.0
0.044798385,-0.104348905,-0.104348905,0.98809004,-0.15387689,0.026923493,1.0,0.0,0.04062443,-0.20065282,-0.20065282,0.98817277,-0.15334481,0.26715448,0.0,0.0
0.04062443,-0.20065282,-0.20065282,0.98817277,-0.15334481,0.26715448,1.0,0.0,0.032598317,-0.29696682,-0.29696682,0.98897797,-0.14806275,0.5075958,0.0,0.0
0.032598317,-0.29696682,-0.29696682,0.98897797,-0.14806275,0.5075958,1.0,0.0,0.020719642,-0.3933418,-0.3933418,0.9904301,-0.13801527,0.75000346,0.0,0.0
0.020719642,-0.3933418,-0.3933418,0.9904301,-0.13801527,0.75000346,1.0,0.0,0.0049859704,-0.48982596,-0.48982596,0.99238884,-0.123143785,0.9961095,0.0,0.0
0.0049859704,-0.48982596,-0.48982596,0.99238884,-0.123143785,0.9961095,0.0,1.0,-0.014607068,-0.39155734,-0.39155734,0.99464506,-0.103350095,0.6673431,0.0,0.0
-0.014607068,-0.39155734,-0.39155734,0.99464506,-0.103350095,0.6673431,0.0,1.0,-0.030269362,-0.29335842,-0.29335842,0.9959358,-0.0900659,0.34393898,0.0,0.0
-0.030269362,-0.29335842,-0.29335842,0.9959358,-0.0900659,0.34393898,1.0,0.0,-0.0420037,-0.3902239,-0.3902239,0.9965318,-0.083212994,0.60687494,0.0,0.0
-0.0420037,-0.3902239,-0.3902239,0.9965318,-0.083212994,0.60687494,0.0,1.0,-0.057612654,-0.29213294,-0.29213294,0.99746835,-0.07111176,0.28915808,0.0,0.0
-0.057612654,-0.29213294,-0.29213294,0.99746835,-0.07111176,0.28915808,1.0,0.0,-0.06929797,-0.3891523,-0.3891523,0.99786294,-0.06534208,0.5585724,0.0,0.0
-0.06929797,-0.3891523,-0.3891523,0.99786294,-0.06534208,0.5585724,0.0,1.0,-0.084864065,-0.2911643,-0.2911643,0.9985306,-0.054190665,0.24602616,0.0,0.0
-0.084864065,-0.2911643,-0.2911643,0.9985306,-0.054190665,0.24602616,1.0,0.0,-0.096510634,-0.388318,-0.388318,0.99878514,-0.049276736,0.52112687,0.0,0.0
-0.096510634,-0.388318,-0.388318,0.99878514,-0.049276736,0.52112687,0.0,1.0,-0.11204335,-0.290428,-0.290428,0.9992445,-0.03886437,0.21332635,0.0,0.0
-0.11204335,-0.290428,-0.290428,0.9992445,-0.03886437,0.21332635,0.0,1.0,-0.123660475,-0.19260024,-0.19260024,0.9994012,-0.034600727,-0.09136137,0.0,0.0
-0.123660475,-0.19260024,-0.19260024,0.9994012,-0.034600727,-0.09136137,0.0,1.0,-0.13136448,-0.09480001,-0.09480001,0.9993363,-0.0364268,-0.394759,0.0,0.0
-0.13136448,-0.09480001,-0.09480001,0.9993363,-0.0364268,-0.394759,1.0,0.0,-0.13515648,-0.19209327,-0.19209327,0.9990176,-0.044315524,-0.1137824,0.0,0.0
-0.13515648,-0.19209327,-0.19209327,0.9990176,-0.044315524,-0.1137824,0.0,1.0,-0.14284022,-0.09422918,-0.09422918,0.9989141,-0.04658882,-0.42011502,0.0,0.0
-0.14284022,-0.09422918,-0.09422918,0.9989141,-0.04658882,-0.42011502,0.0,1.0,-0.14660938,0.003645955,0.003645955,0.9984874,-0.054980252,-0.7271187,0.0,0.0
-0.14660938,0.003645955,0.003645955,0.9984874,-0.054980252,-0.7271187,1.0,0.0,-0.14646354,-0.093514055,-0.093514055,0.9975824,-0.06949431,-0.45224375,0.0,0.0
-0.14646354,-0.093514055,-0.093514055,0.9975824,-0.06949431,-0.45224375,1.0,0.0,-0.1502041,-0.19055055,-0.19055055,0.99691296,-0.078514345,-0.18226936,0.0,0.0
-0.1502041,-0.19055055,-0.19055055,0.99691296,-0.078514345,-0.18226936,1.0,0.0,-0.15782613,-0.2875078,-0.2875078,0.9966201,-0.08214795,0.084621236,0.0,0.0
-0.15782613,-0.2875078,-0.2875078,0.9966201,-0.08214795,0.084621236,0.0,1.0,-0.16932644,-0.18940848,-0.18940848,0.99675775,-0.08046113,-0.23283353,0.0,0.0
-0.16932644,-0.18940848,-0.18940848,0.99675775,-0.08046113,-0.23283353,1.0,0.0,-0.17690279,-0.28635058,-0.28635058,0.9963723,-0.08510181,0.033394217,0.0,0.0
-0.17690279,-0.28635058,-0.28635058,0.9963723,-0.08510181,0.033394217,1.0,0.0,-0.1883568,-0.3832522,-0.3832522,0.99642885,-0.084436335,0.29802462,0.0,0.0
-0.1883568,-0.3832522,-0.3832522,0.99642885,-0.084436335,0.29802462,1.0,0.0,-0.2036869,-0.48016298,-0.48016298,0.99691445,-0.07849566,0.5628944,0.0,0.0
-0.2036869,-0.48016298,-0.48016298,0.99691445,-0.07849566,0.5628944,0.0,1.0,-0.22289342,-0.3820972,-0.3820972,0.99773496,-0.067267776,0.24652714,0.0,0.0
-0.22289342,-0.3820972,-0.3820972,0.99773496,-0.067267776,0.24652714,0.0,1.0,-0.2381773,-0.28408942,-0.28408942,0.9980545,-0.062347602,-0.066607006,0.0,0.0
-0.2381773,-0.28408942,-0.28408942,0.9980545,-0.062347602,-0.066607006,0.0,1.0,-0.24954088,-0.18611024,-0.18611024,0.9979706,-0.063677095,-0.37830287,0.0,0.0
-0.24954088,-0.18611024,-0.18611024,0.9979706,-0.063677095,-0.37830287,0.0,1.0,-0.25698528,-0.0881271,-0.0881271,0.9974602,-0.071225904,-0.6903768,0.0,0.0
-0.25698528,-0.0881271,-0.0881271,0.9974602,-0.071225904,-0.6903768,1.0,0.0,-0.26051039,-0.18515916,-0.18515916,0.9963817,-0.08499114,-0.42096034,0.0,0.0
-0.26051039,-0.18515916,-0.18515916,0.9963817,-0.08499114,-0.42096034,1.0,0.0,-0.26791674,-0.28206903,-0.28206903,0.99563086,-0.09337678,-0.15627012,0.0,0.0
-0.26791674,-0.28206903,-0.28206903,0.99563086,-0.09337678,-0.15627012,0.0,1.0,-0.2791995,-0.18390514,-0.18390514,0.99533415,-0.09648806,-0.47692788,0.0,0.0
-0.2791995,-0.18390514,-0.18390514,0.99533415,-0.09648806,-0.47692788,1.0,0.0,-0.2865557,-0.2807222,-0.2807222,0.9943685,-0.10597758,-0.21619937,0.0,0.0
-0.2865557,-0.2807222,-0.2807222,0.9943685,-0.10597758,-0.21619937,1.0,0.0,-0.2977846,-0.37745044,-0.37745044,0.99390095,-0.110276215,0.041193776,0.0,0.0
-0.2977846,-0.37745044,-0.37745044,0.99390095,-0.110276215,0.041193776,0.0,1.0,-0.3128826,-0.27919105,-0.27919105,0.9939915,-0.10945732,-0.28420773,0.0,0.0
-0.3128826,-0.27919105,-0.27919105,0.9939915,-0.10945732,-0.28420773,1.0,0.0,-0.32405025,-0.3758914,-0.3758914,0.99335325,-0.115105525,-0.028030237,0.0,0.0
-0.32405025,-0.3758914,-0.3758914,0.99335325,-0.115105525,-0.028030237,1.0,0.0,-0.3390859,-0.47253883,-0.47253883,0.9932886,-0.11566239,0.22614382,0.0,0.0
-0.3390859,-0.47253883,-0.47253883,0.9932886,-0.11566239,0.22614382,0.0,1.0,-0.35798746,-0.37425312,-0.37425312,0.99380153,-0.1111687,-0.10073911,0.0,0.0
-0.35798746,-0.37425312,-0.37425312,0.99380153,-0.1111687,-0.10073911,1.0,0.0,-0.3729576,-0.470935,-0.470935,0.9935756,-0.113170765,0.1548251,0.0,0.0
-0.3729576,-0.470935,-0.470935,0.9935756,-0.113170765,0.1548251,0.0,1.0,-0.39179498,-0.37266114,-0.37266114,0.9939212,-0.110093616,-0.17137462,0.0,0.0
-0.39179498,-0.37266114,-0.37266114,0.9939212,-0.110093616,-0.17137462,1.0,0.0,-0.40670142,-0.4693533,-0.4693533,0.993538,-0.11349963,0.08457099,0.0,0.0
-0.40670142,-0.4693533,-0.4693533,0.993538,-0.11349963,0.08457099,1.0,0.0,-0.42547557,-0.56601495,-0.56601495,0.9937286,-0.11181897,0.33931315,0.0,0.0
-0.42547557,-0.56601495,-0.56601495,0.9937286,-0.11181897,0.33931315,0.0,1.0,-0.44811615,-0.46775332,-0.46775332,0.9944645,-0.105072744,0.013502315,0.0,0.0
-0.44811615,-0.46775332,-0.46775332,0.9944645,-0.105072744,0.013502315,1.0,0.0,-0.4668263,-0.5644869,-0.5644869,0.9944929,-0.10480419,0.27120522,0.0,0.0
-0.4668263,-0.5644869,-0.5644869,0.9944929,-0.10480419,0.27120522,0.0,1.0,-0.48940578,-0.46626124,-0.46626124,0.99504673,-0.09940844,-0.05266135,0.0,0.0
-0.48940578,-0.46626124,-0.46626124,0.99504673,-0.09940844,-0.05266135,1.0,0.0,-0.5080562,-0.56304306,-0.56304306,0.9949415,-0.100456394,0.2070199,0.0,0.0
-0.5080562,-0.56304306,-0.56304306,0.9949415,-0.100456394,0.2070199,0.0,1.0,-0.53057796,-0.46484,-0.46484,0.9953489,-0.0963361,-0.11563319,0.0,0.0
-0.53057796,-0.46484,-0.46484,0.9953489,-0.0963361,-0.11563319,0.0,1.0,-0.54917157,-0.36665875,-0.36665875,0.9951234,-0.09863774,-0.43712983,0.0,0.0
-0.54917157,-0.36665875,-0.36665875,0.9951234,-0.09863774,-0.43712983,1.0,0.0,-0.5638379,-0.46345615,-0.46345615,0.99422306,-0.107333824,-0.17715323,0.0,0.0
-0.5638379,-0.46345615,-0.46345615,0.99422306,-0.107333824,-0.17715323,1.0,0.0,-0.5823761,-0.560172,-0.560172,0.9938365,-0.110855736,0.07976207,0.0,0.0
-0.5823761,-0.560172,-0.560172,0.9938365,-0.110855736,0.07976207,1.0,0.0,-0.604783,-0.65685636,-0.65685636,0.99401206,-0.109270185,0.33543584,0.0,0.0
-0.604783,-0.65685636,-0.65685636,0.99401206,-0.109270185,0.33543584,0.0,1.0,-0.63105726,-0.5586084,-0.5586084,0.9947228,-0.10259923,0.0103313085,0.0,0.0
-0.63105726,-0.5586084,-0.5586084,0.9947228,-0.10259923,0.0103313085,1.0,0.0,-0.6534016,-0.655363,-0.655363,0.99474394,-0.102393694,0.26889923,0.0,0.0
-0.6534016,-0.655363,-0.655363,0.99474394,-0.102393694,0.26889923,0.0,1.0,-0.67961615,-0.5571506,-0.5571506,0.99528027,-0.09704252,-0.054293085,0.0,0.0
-0.67961615,-0.5571506,-0.5571506,0.99528027,-0.09704252,-0.054293085,1.0,0.0,-0.70190215,-0.6539524,-0.6539524,0.9951743,-0.0981232,0.20621125,0.0,0.0
-0.70190215,-0.6539524,-0.6539524,0.9951743,-0.0981232,0.20621125,1.0,0.0,-0.72806025,-0.750747,-0.750747,0.9955705,-0.09401806,0.46634552,0.0,0.0
-0.72806025,-0.750747,-0.750747,0.9955705,-0.09401806,0.46634552,0.0,1.0,-0.75809014,-0.65258837,-0.65258837,0.99640405,-0.08472851,0.14553247,0.0,0.0
-0.75809014,-0.65258837,-0.65258837,0.99640405,-0.08472851,0.14553247,1.0,0.0,-0.7841937,-0.7494939,-0.7494939,0.99664646,-0.08182797,0.4102936,0.0,0.0
-0.7841937,-0.7494939,-0.7494939,0.99664646,-0.08182797,0.4102936,0.0,1.0,-0.8141734,-0.6514029,-0.6514029,0.99728435,-0.07364695,0.092950046,0.0,0.0
-0.8141734,-0.6514029,-0.6514029,0.99728435,-0.07364695,0.092950046,1.0,0.0,-0.8402295,-0.748399,-0.748399,0.99741954,-0.07179287,0.361496,0.0,0.0
-0.8402295,-0.748399,-0.748399,0.99741954,-0.07179287,0.361496,0.0,1.0,-0.8701655,-0.6503661,-0.6503661,0.9979125,-0.06457979,0.04704908,0.0,0.0
-0.8701655,-0.6503661,-0.6503661,0.9979125,-0.06457979,0.04704908,1.0,0.0,-0.89618015,-0.74743545,-0.74743545,0.99797285,-0.06364075,0.31866264,0.0,0.0
-0.89618015,-0.74743545,-0.74743545,0.99797285,-0.06364075,0.31866264,0.0,1.0,-0.92607754,-0.6494512,-0.6494512,0.9983582,-0.057279166,0.006595519,0.0,0.0
-0.92607754,-0.6494512,-0.6494512,0.9983582,-0.057279166,0.006595519,1.0,0.0,-0.95205563,-0.7465788,-0.7465788,0.99836576,-0.057147473,0.28065985,0.0,0.0
-0.95205563,-0.7465788,-0.7465788,0.99836576,-0.057147473,0.28065985,0.0,1.0,-0.98191875,-0.6486343,-0.6486343,0.9986708,-0.051542576,-0.029494787,0.0,0.0
-0.98191875,-0.6486343,-0.6486343,0.9986708,-0.051542576,-0.029494787,1.0,0.0,-1.0078641,-0.74580735,-0.74580735,0.99864024,-0.05213168,0.2464832,0.0,0.0
-1.0078641,-0.74580735,-0.74580735,0.99864024,-0.05213168,0.2464832,1.0,0.0,-1.0376965,-0.8429772,-0.8429772,0.9988851,-0.047208104,0.5222698,0.0,0.0
-1.0376965,-0.8429772,-0.8429772,0.9988851,-0.047208104,0.5222698,0.0,1.0,-1.0714155,-0.7451003,-0.7451003,0.99932367,-0.03677197,0.21508734,0.0,0.0
-1.0714155,-0.7451003,-0.7451003,0.99932367,-0.03677197,0.21508734,0.0,1.0,-1.1012195,-0.64728636,-0.64728636,0.9994726,-0.032472808,-0.08896708,0.0,0.0
-1.1012195,-0.64728636,-0.64728636,0.9994726,-0.032472808,-0.08896708,0.0,1.0,-1.127111,-0.54950035,-0.54950035,0.99941325,-0.034251157,-0.3917175,0.0,0.0
-1.127111,-0.54950035,-0.54950035,0.99941325,-0.034251157,-0.3917175,1.0,0.0,-1.149091,-0.64681005,-0.64681005,0.9991143,-0.04207978,-0.11002944,0.0,0.0
-1.149091,-0.64681005,-0.64681005,0.9991143,-0.04207978,-0.11002944,1.0,0.0,-1.1749634,-0.74405724,-0.74405724,0.9990192,-0.044278316,0.16908215,0.0,0.0
-1.1749634,-0.74405724,-0.74405724,0.9990192,-0.044278316,0.16908215,1.0,0.0,-1.2047257,-0.8412877,-0.8412877,0.99916327,-0.040899742,0.4474696,0.0,0.0
-1.2047257,-0.8412877,-0.8412877,0.99916327,-0.040899742,0.4474696,0.0,1.0,-1.2383772,-0.7434496,-0.7434496,0.99948925,-0.03195632,0.14217654,0.0,0.0
-1.2383772,-0.7434496,-0.7434496,0.99948925,-0.03195632,0.14217654,0.0,1.0,-1.2681152,-0.64566725,-0.64566725,0.9995761,-0.029114116,-0.16041596,0.0,0.0
-1.2681152,-0.64566725,-0.64566725,0.9995761,-0.029114116,-0.16041596,1.0,0.0,-1.2939419,-0.74301386,-0.74301386,0.99947757,-0.03232092,0.122940555,0.0,0.0
-1.2939419,-0.74301386,-0.74301386,0.99947757,-0.03232092,0.122940555,1.0,0.0,-1.3236624,-0.84033597,-0.84033597,0.999554,-0.029863298,0.40525207,0.0,0.0
-1.3236624,-0.84033597,-0.84033597,0.999554,-0.029863298,0.40525207,0.0,1.0,-1.3572758,-0.74256974,-0.74256974,0.9997632,-0.02176098,0.10330431,0.0,0.0
-1.3572758,-0.74256974,-0.74256974,0.9997632,-0.02176098,0.10330431,0.0,1.0,-1.3869786,-0.6448563,-0.6448563,0.99980605,-0.019695338,-0.19616444,0.0,0.0
-1.3869786,-0.6448563,-0.6448563,0.99980605,-0.019695338,-0.19616444,1.0,0.0,-1.4127729,-0.7422736,-0.7422736,0.99972105,-0.023617703,0.09024057,0.0,0.0
-1.4127729,-0.7422736,-0.7422736,0.99972105,-0.023617703,0.09024057,0.0,1.0,-1.4424639,-0.6445474,-0.6445474,0.99976206,-0.02181336,-0.20979986,0.0,0.0
-1.4424639,-0.6445474,-0.6445474,0.99976206,-0.02181336,-0.20979986,1.0,0.0,-1.4682457,-0.7419491,-0.7419491,0.99966174,-0.026008153,0.0759225,0.0,0.0
-1.4682457,-0.7419491,-0.7419491,0.99966174,-0.026008153,0.0759225,0.0,1.0,-1.4979237,-0.6442066,-0.6442066,0.99970007,-0.024490187,-0.2248522,0.0,0.0
-1.4979237,-0.6442066,-0.6442066,0.99970007,-0.024490187,-0.2248522,0.0,1.0,-1.523692,-0.54647493,-0.54647493,0.99957985,-0.02898562,-0.5251593,0.0,0.0
-1.523692,-0.54647493,-0.54647493,0.99957985,-0.02898562,-0.5251593,1.0,0.0,-1.545551,-0.64382607,-0.64382607,0.99922025,-0.0394826,-0.2417504,0.0,0.0
-1.545551,-0.64382607,-0.64382607,0.99922025,-0.0394826,-0.2417504,1.0,0.0,-1.571304,-0.7410942,-0.7410942,0.99901766,-0.04431336,0.038218502,0.0,0.0
-1.571304,-0.7410942,-0.7410942,0.99901766,-0.04431336,0.038218502,0.0,1.0,-1.6009477,-0.64322984,-0.64322984,0.9990513,-0.043549728,-0.2681142,0.0,0.0
-1.6009477,-0.64322984,-0.64322984,0.9990513,-0.043549728,-0.2681142,1.0,0.0,-1.626677,-0.7404669,-0.7404669,0.9988034,-0.04890627,0.010516475,0.0,0.0
-1.626677,-0.7404669,-0.7404669,0.9988034,-0.04890627,0.010516475,0.0,1.0,-1.6562957,-0.64257276,-0.64257276,0.9988136,-0.048696194,-0.29719287,0.0,0.0
-1.6562957,-0.64257276,-0.64257276,0.9988136,-0.048696194,-0.29719287,1.0,0.0,-1.6819986,-0.73977023,-0.73977023,0.99850655,-0.054632105,-0.020263191,0.0,0.0
-1.6819986,-0.73977023,-0.73977023,0.99850655,-0.054632105,-0.020263191,0.0,1.0,-1.7115893,-0.64183944,-0.64183944,0.9984843,-0.055036757,-0.3296785,0.0,0.0
-1.7115893,-0.64183944,-0.64183944,0.9984843,-0.055036757,-0.3296785,1.0,0.0,-1.737263,-0.73898774,-0.73898774,0.99809974,-0.06161909,-0.05485612,0.0,0.0
-1.737263,-0.73898774,-0.73898774,0.99809974,-0.06161909,-0.05485612,1.0,0.0,-1.7668225,-0.83608085,-0.83608085,0.99803156,-0.06271409,0.21775359,0.0,0.0
-1.7668225,-0.83608085,-0.83608085,0.99803156,-0.06271409,0.21775359,0.0,1.0,-1.8002657,-0.7381007,-0.7381007,0.9982952,-0.05836701,-0.09404619,0.0,0.0
-1.8002657,-0.7381007,-0.7381007,0.9982952,-0.05836701,-0.09404619,0.0,1.0,-1.8297898,-0.64014655,-0.64014655,0.99818367,-0.060244624,-0.40456748,0.0,0.0
-1.8297898,-0.64014655,-0.64014655,0.99818367,-0.060244624,-0.40456748,1.0,0.0,-1.8553956,-0.73725533,-0.73725533,0.9976635,-0.06831922,-0.13148221,0.0,0.0
-1.8553956,-0.73725533,-0.73725533,0.9976635,-0.06831922,-0.13148221,0.0,1.0,-1.8848858,-0.63923967,-0.63923967,0.9974804,-0.07094248,-0.44492805,0.0,0.0
-1.8848858,-0.63923967,-0.63923967,0.9974804,-0.07094248,-0.44492805,1.0,0.0,-1.9104553,-0.73626435,-0.73626435,0.99680966,-0.07981569,-0.17544453,0.0,0.0
-1.9104553,-0.73626435,-0.73626435,0.99680966,-0.07981569,-0.17544453,1.0,0.0,-1.939906,-0.8332108,-0.8332108,0.99652344,-0.08331289,0.09100119,0.0,0.0
-1.939906,-0.8332108,-0.8332108,0.99652344,-0.08331289,0.09100119,0.0,1.0,-1.9732344,-0.7351047,-0.7351047,0.9966734,-0.081499055,-0.22678803,0.0,0.0
-1.9732344,-0.7351047,-0.7351047,0.9966734,-0.081499055,-0.22678803,1.0,0.0,-2.0026386,-0.8320381,-0.8320381,0.9962935,-0.086018875,0.03908421,0.0,0.0
-2.0026386,-0.8320381,-0.8320381,0.9962935,-0.086018875,0.03908421,0.0,1.0,-2.0359201,-0.7339158,-0.7339158,0.9963604,-0.08524006,-0.27948123,0.0,0.0
-2.0359201,-0.7339158,-0.7339158,0.9963604,-0.08524006,-0.27948123,1.0,0.0,-2.0652766,-0.8308195,-0.8308195,0.99586844,-0.09080798,-0.014888777,0.0,0.0
-2.0652766,-0.8308195,-0.8308195,0.99586844,-0.09080798,-0.014888777,1.0,0.0,-2.0985096,-0.9276736,-0.9276736,0.9958413,-0.09110452,0.24777542,0.0,0.0
-2.0985096,-0.9276736,-0.9276736,0.9958413,-0.09110452,0.24777542,0.0,1.0,-2.1356165,-0.82952434,-0.82952434,0.99628055,-0.08616852,-0.07223242,0.0,0.0
-2.1356165,-0.82952434,-0.82952434,0.99628055,-0.08616852,-0.07223242,1.0,0.0,-2.1687975,-0.9264173,-0.9264173,0.996155,-0.08760771,0.19203176,0.0,0.0
-2.1687975,-0.9264173,-0.9264173,0.996155,-0.08760771,0.19203176,0.0,1.0,-2.2058542,-0.82828724,-0.82828724,0.99648416,-0.083781205,-0.12698326,0.0,0.0
-2.2058542,-0.82828724,-0.82828724,0.99648416,-0.083781205,-0.12698326,0.0,1.0,-2.2389855,-0.73017865,-0.73017865,0.9962682,-0.08631167,-0.4449059,0.0,0.0
-2.2389855,-0.73017865,-0.73017865,0.9962682,-0.08631167,-0.4449059,1.0,0.0,-2.2681928,-0.8270785,-0.8270785,0.99546075,-0.095173046,-0.18066671,0.0,0.0
-2.2681928,-0.8270785,-0.8270785,0.99546075,-0.095173046,-0.18066671,1.0,0.0,-2.301276,-0.9238975,-0.9238975,0.99511033,-0.098769344,0.08049083,0.0,0.0
-2.301276,-0.9238975,-0.9238975,0.99511033,-0.098769344,0.08049083,0.0,1.0,-2.3382318,-0.82570213,-0.82570213,0.99526805,-0.097167276,-0.241693,0.0,0.0
-2.3382318,-0.82570213,-0.82570213,0.99526805,-0.097167276,-0.241693,1.0,0.0,-2.37126,-0.92250556,-0.92250556,0.99478674,-0.10197711,0.018775828,0.0,0.0
-2.37126,-0.92250556,-0.92250556,0.99478674,-0.10197711,0.018775828,1.0,0.0,-2.4081602,-1.0192654,-1.0192654,0.99482495,-0.101603545,0.27756104,0.0,1.0
0.039517872,-0.018382503,-0.018382503,0.99999666,-0.00258553,0.025593499,0.0,1.0,0.03878257,0.07919697,0.07919697,0.99999785,-0.0020736614,-0.26790407,1.0,0.0
0.03878257,0.07919697,0.07919697,0.99999785,-0.0020736614,-0.26790407,0.0,1.0,0.04195045,0.17677271,0.17677271,0.9999724,-0.007431676,-0.5612403,0.0,0.0
0.04195045,0.17677271,0.17677271,0.9999724,-0.007431676,-0.5612403,1.0,0.0,0.04902136,0.079264276,0.079264276,0.99982595,-0.018655468,-0.270908,0.0,0.0
0.04902136,0.079264276,0.079264276,0.99982595,-0.018655468,-0.270908,1.0,0.0,0.052191928,-0.01816114,-0.01816114,0.9997102,-0.024072386,0.015832655,0.0,0.0
0.052191928,-0.01816114,-0.01816114,0.9997102,-0.024072386,0.015832655,0.0,1.0,0.051465485,0.07956825,0.07956825,0.9997178,-0.023755822,-0.28434786,0.0,0.0
0.051465485,0.07956825,0.07956825,0.9997178,-0.023755822,-0.28434786,1.0,0.0,0.054648213,-0.017819338,-0.017819338,0.99956656,-0.02944076,0.0007482622,0.0,0.0
0.054648213,-0.017819338,-0.017819338,0.99956656,-0.02944076,0.0007482622,1.0,0.0,0.053935442,-0.11516312,-0.11516312,0.999567,-0.029425802,0.28399745,0.0,0.0
0.053935442,-0.11516312,-0.11516312,0.999567,-0.029425802,0.28399745,0.0,1.0,0.049328916,-0.017398583,-0.017398583,0.99971795,-0.023747869,-0.017820355,0.0,0.0
0.049328916,-0.017398583,-0.017398583,0.99971795,-0.023747869,-0.017820355,1.0,0.0,0.048632972,-0.1147853,-0.1147853,0.9997094,-0.024104174,0.26727554,0.0,0.0
0.048632972,-0.1147853,-0.1147853,0.9997094,-0.024104174,0.26727554,0.0,1.0,0.04404156,-0.017056527,-0.017056527,0.99982405,-0.018759897,-0.032912236,0.0,0.0
0.04404156,-0.017056527,-0.017056527,0.99982405,-0.018759897,-0.032912236,0.0,1.0,0.0433593,0.08063642,0.08063642,0.9998115,-0.019418022,-0.3314549,0.0,0.0
0.0433593,0.08063642,0.08063642,0.9998115,-0.019418022,-0.3314549,1.0,0.0,0.046584755,-0.01678369,-0.01678369,0.9996608,-0.026045395,-0.044958577,0.0,0.0
0.046584755,-0.01678369,-0.01678369,0.9996608,-0.026045395,-0.044958577,1.0,0.0,0.04591341,-0.114153154,-0.114153154,0.99963695,-0.02694425,0.23939338,0.0,0.0
0.04591341,-0.114153154,-0.114153154,0.99963695,-0.02694425,0.23939338,1.0,0.0,0.041347284,-0.21151657,-0.21151657,0.9997545,-0.022157831,0.523456,0.0,0.0
0.041347284,-0.21151657,-0.21151657,0.9997545,-0.022157831,0.523456,0.0,1.0,0.03288662,-0.11380322,-0.11380322,0.9999317,-0.011690258,0.2238735,0.0,0.0
0.03288662,-0.11380322,-0.11380322,0.9999317,-0.011690258,0.2238735,0.0,1.0,0.028334491,-0.016159687,-0.016159687,0.999974,-0.0072129923,-0.07247404,0.0,0.0
0.028334491,-0.016159687,-0.016159687,0.999974,-0.0072129923,-0.07247404,0.0,1.0,0.027688103,0.08145262,0.08145262,0.9999625,-0.008662428,-0.36742395,0.0,0.0
0.027688103,0.08145262,0.08145262,0.9999625,-0.008662428,-0.36742395,0.0,1.0,0.030946208,0.1790746,0.1790746,0.99987185,-0.016010331,-0.66282564,0.0,0.0
0.030946208,0.1790746,0.1790746,0.99987185,-0.016010331,-0.66282564,1.0,0.0,0.03810919,0.08162682,0.08162682,0.99957174,-0.02926335,-0.37522683,0.0,0.0
0.03810919,0.08162682,0.08162682,0.99957174,-0.02926335,-0.37522683,1.0,0.0,0.041374266,-0.01572032,-0.01572032,0.99932396,-0.03676378,-0.0919139,0.0,0.0
0.041374266,-0.01572032,-0.01572032,0.99932396,-0.03676378,-0.0919139,1.0,0.0,0.040745452,-0.11300838,-0.11300838,0.9992547,-0.03860075,0.18894443,0.0,0.0
0.040745452,-0.11300838,-0.11300838,0.9992547,-0.03860075,0.18894443,0.0,1.0,0.036225118,-0.015182155,-0.015182155,0.99939346,-0.034824412,-0.115664154,0.0,0.0
0.036225118,-0.015182155,-0.015182155,0.99939346,-0.034824412,-0.115664154,1.0,0.0,0.035617832,-0.112485155,-0.112485155,0.9993102,-0.037136197,0.16582942,0.0,0.0
0.035617832,-0.112485155,-0.112485155,0.9993102,-0.037136197,0.16582942,0.0,1.0,0.031118425,-0.014668441,-0.014668441,0.99942786,-0.0338217,-0.13833635,0.0,0.0
0.031118425,-0.014668441,-0.014668441,0.99942786,-0.0338217,-0.13833635,1.0,0.0,0.030531686,-0.1119792,-0.1119792,0.99933046,-0.03658671,0.14348532,0.0,0.0
0.030531686,-0.1119792,-0.1119792,0.99933046,-0.03658671,0.14348532,0.0,1.0,0.026052518,-0.014165995,-0.014165995,0.9994314,-0.033718776,-0.16051432,0.0,0.0
0.026052518,-0.014165995,-0.014165995,0.9994314,-0.033718776,-0.16051432,1.0,0.0,0.025485879,-0.11147765,-0.11147765,0.99931794,-0.03692706,0.12134131,0.0,0.0
0.025485879,-0.11147765,-0.11147765,0.99931794,-0.03692706,0.12134131,0.0,1.0,0.021026773,-0.013662084,-0.013662084,0.9994046,-0.03450178,-0.18276179,0.0,0.0
0.021026773,-0.013662084,-0.013662084,0.9994046,-0.03450178,-0.18276179,1.0,0.0,0.02048029,-0.11096789,-0.11096789,0.99927187,-0.038154602,0.09883831,0.0,0.0
0.02048029,-0.11096789,-0.11096789,0.99927187,-0.038154602,0.09883831,0.0,1.0,0.016041573,-0.01314412,-0.01314412,0.9993453,-0.036179204,-0.20563677,0.0,0.0
0.016041573,-0.01314412,-0.01314412,0.9993453,-0.036179204,-0.20563677,1.0,0.0,0.015515809,-0.11043726,-0.11043726,0.99918807,-0.04028893,0.07541488,0.0,0.0
0.015515809,-0.11043726,-0.11043726,0.99918807,-0.04028893,0.07541488,0.0,1.0,0.011098319,-0.012599352,-0.012599352,0.9992477,-0.03878181,-0.22970548,0.0,0.0
0.011098319,-0.012599352,-0.012599352,0.9992477,-0.03878181,-0.22970548,1.0,0.0,0.010594345,-0.109872736,-0.109872736,0.99905896,-0.04337204,0.050493285,0.0,0.0
0.010594345,-0.109872736,-0.109872736,0.99905896,-0.04337204,0.050493285,0.0,1.0,0.006199435,-0.012014567,-0.012014567,0.9991023,-0.0423631,-0.25555634,0.0,0.0
0.006199435,-0.012014567,-0.012014567,0.9991023,-0.0423631,-0.25555634,1.0,0.0,0.0057188524,-0.10926062,-0.10926062,0.9988727,-0.04746906,0.02346517,0.0,0.0
0.0057188524,-0.10926062,-0.10926062,0.9988727,-0.04746906,0.02346517,0.0,1.0,0.0013484276,-0.011375792,-0.011375792,0.9988949,-0.04700028,-0.2838142,0.0,0.0
0.0013484276,-0.011375792,-0.011375792,0.9988949,-0.04700028,-0.2838142,1.0,0.0,0.00089339586,-0.10858625,-0.10858625,0.998612,-0.052669507,-0.006323191,0.0,0.0
0.00089339586,-0.10858625,-0.10858625,0.998612,-0.052669507,-0.006323191,1.0,0.0,-0.003450054,-0.20575035,-0.20575035,0.9986053,-0.052795794,0.2692797,0.0,0.0
-0.003450054,-0.20575035,-0.20575035,0.9986053,-0.052795794,0.2692797,0.0,1.0,-0.0116800675,-0.107833154,-0.107833154,0.9988752,-0.04741697,-0.03958418,0.0,0.0
-0.0116800675,-0.107833154,-0.107833154,0.9988752,-0.04741697,-0.03958418,0.0,1.0,-0.015993394,-0.009948686,-0.009948686,0.99883735,-0.04820775,-0.34684786,0.0,0.0
-0.015993394,-0.009948686,-0.009948686,0.99883735,-0.04820775,-0.34684786,1.0,0.0,-0.01639134,-0.10715068,-0.10715068,0.9984789,-0.055135425,-0.069754004,0.0,0.0
-0.01639134,-0.10715068,-0.10715068,0.9984789,-0.055135425,-0.069754004,1.0,0.0,-0.02067737,-0.20429541,-0.20429541,0.998401,-0.05652833,0.20502709,0.0,0.0
-0.02067737,-0.20429541,-0.20429541,0.998401,-0.05652833,0.20502709,0.0,1.0,-0.028849185,-0.1063538,-0.1063538,0.9986244,-0.052433882,-0.10494727,0.0,0.0
-0.028849185,-0.1063538,-0.1063538,0.9986244,-0.052433882,-0.10494727,0.0,1.0,-0.033103336,-0.008437331,-0.008437331,0.99851215,-0.054529823,-0.41370815,0.0,0.0
-0.033103336,-0.008437331,-0.008437331,0.99851215,-0.054529823,-0.41370815,1.0,0.0,-0.033440832,-0.10559128,-0.10559128,0.9980268,-0.062789716,-0.1387117,0.0,0.0
-0.033440832,-0.10559128,-0.10559128,0.9980268,-0.062789716,-0.1387117,1.0,0.0,-0.03766448,-0.20267548,-0.20267548,0.99784875,-0.06555823,0.133506,0.0,0.0
-0.03766448,-0.20267548,-0.20267548,0.99784875,-0.06555823,0.133506,0.0,1.0,-0.045771502,-0.104676805,-0.104676805,0.99802023,-0.06289362,-0.17913169,0.0,0.0
-0.045771502,-0.104676805,-0.104676805,0.99802023,-0.06289362,-0.17913169,1.0,0.0,-0.04995857,-0.20176056,-0.20176056,0.9977885,-0.06646875,0.09305226,0.0,0.0
-0.04995857,-0.20176056,-0.20176056,0.9977885,-0.06646875,0.09305226,0.0,1.0,-0.058028996,-0.10375598,-0.10375598,0.9979105,-0.06461171,-0.2198531,0.0,0.0
-0.058028996,-0.10375598,-0.10375598,0.9979105,-0.06461171,-0.2198531,1.0,0.0,-0.062179234,-0.20082648,-0.20082648,0.9976167,-0.06899894,0.05175407,0.0,0.0
-0.062179234,-0.20082648,-0.20082648,0.9976167,-0.06899894,0.05175407,0.0,1.0,-0.0702123,-0.10280615,-0.10280615,0.99768764,-0.06796629,-0.26189178,0.0,0.0
-0.0702123,-0.10280615,-0.10280615,0.99768764,-0.06796629,-0.26189178,1.0,0.0,-0.07432454,-0.19985035,-0.19985035,0.9973179,-0.07319106,0.008585525,0.0,0.0
-0.07432454,-0.19985035,-0.19985035,0.9973179,-0.07319106,0.008585525,0.0,1.0,-0.08231855,-0.10180439,-0.10180439,0.9973305,-0.07301981,-0.30628166,0.0,0.0
-0.08231855,-0.10180439,-0.10180439,0.9973305,-0.07301981,-0.30628166,1.0,0.0,-0.08639073,-0.19880866,-0.19880866,0.9968645,-0.079127684,-0.037513547,0.0,0.0
-0.08639073,-0.19880866,-0.19880866,0.9968645,-0.079127684,-0.037513547,1.0,0.0,-0.09434307,-0.29575965,-0.29575965,0.99680483,-0.07987558,0.22916391,0.0,0.0
-0.09434307,-0.29575965,-0.29575965,0.99680483,-0.07987558,0.22916391,0.0,1.0,-0.10617346,-0.19767557,-0.19767557,0.99716043,-0.07530612,-0.08763156,0.0,0.0
-0.10617346,-0.19767557,-0.19767557,0.99716043,-0.07530612,-0.08763156,1.0,0.0,-0.11408048,-0.29465812,-0.29465812,0.9970269,-0.07705366,0.18034993,0.0,0.0
-0.11408048,-0.29465812,-0.29465812,0.9970269,-0.07705366,0.18034993,0.0,1.0,-0.12586682,-0.19659008,-0.19659008,0.9972984,-0.07345689,-0.13563327,0.0,0.0
-0.12586682,-0.19659008,-0.19659008,0.9972984,-0.07345689,-0.13563327,1.0,0.0,-0.13373041,-0.2935881,-0.2935881,0.99709547,-0.07616195,0.1329783,0.0,0.0
-0.13373041,-0.2935881,-0.2935881,0.99709547,-0.07616195,0.1329783,0.0,1.0,-0.14547394,-0.19552484,-0.19552484,0.9972945,-0.07350985,-0.18274856,0.0,0.0
-0.14547394,-0.19552484,-0.19552484,0.9972945,-0.07350985,-0.18274856,1.0,0.0,-0.15329494,-0.29252297,-0.29252297,0.9970192,-0.07715443,0.08584664,0.0,0.0
-0.15329494,-0.29252297,-0.29252297,0.9970192,-0.07715443,0.08584664,0.0,1.0,-0.16499585,-0.19445339,-0.19445339,0.9971502,-0.0754425,-0.23016854,0.0,0.0
-0.16499585,-0.19445339,-0.19445339,0.9971502,-0.0754425,-0.23016854,1.0,0.0,-0.17277399,-0.2914365,-0.2914365,0.9967923,-0.08003194,0.03777151,0.0,0.0
-0.17277399,-0.2914365,-0.2914365,0.9967923,-0.08003194,0.03777151,0.0,1.0,-0.18443145,-0.1933495,-0.1933495,0.99685246,-0.07927891,-0.27907497,0.0,0.0
-0.18443145,-0.1933495,-0.1933495,0.99685246,-0.07927891,-0.27907497,1.0,0.0,-0.19216542,-0.2903022,-0.2903022,0.99639446,-0.08484158,-0.012440343,0.0,0.0
-0.19216542,-0.2903022,-0.2903022,0.99639446,-0.08484158,-0.012440343,0.0,1.0,-0.2037775,-0.19218671,-0.19218671,0.9963733,-0.08508948,-0.33066893,0.0,0.0
-0.2037775,-0.19218671,-0.19218671,0.9963733,-0.08508948,-0.33066893,1.0,0.0,-0.21146499,-0.28909296,-0.28909296,0.9957888,-0.091676965,-0.06602086,0.0,0.0
-0.21146499,-0.28909296,-0.28909296,0.9957888,-0.091676965,-0.06602086,0.0,1.0,-0.2230287,-0.1909379,-0.1909379,0.99566686,-0.09299175,-0.38619897,0.0,0.0
-0.2230287,-0.1909379,-0.1909379,0.99566686,-0.09299175,-0.38619897,1.0,0.0,-0.23066622,-0.28778043,-0.28778043,0.99491894,-0.100679405,-0.12426982,0.0,0.0
-0.23066622,-0.28778043,-0.28778043,0.99491894,-0.100679405,-0.12426982,1.0,0.0,-0.24217743,-0.38455212,-0.38455212,0.9946656,-0.10315186,0.13497037,0.0,0.0
-0.24217743,-0.38455212,-0.38455212,0.9946656,-0.10315186,0.13497037,0.0,1.0,-0.2575595,-0.28633282,-0.28633282,0.99494046,-0.100466475,-0.18844241,0.0,0.0
-0.2575595,-0.28633282,-0.28633282,0.99494046,-0.100466475,-0.18844241,1.0,0.0,-0.26901284,-0.38310727,-0.38310727,0.99455476,-0.10421553,0.07087495,0.0,0.0
-0.26901284,-0.38310727,-0.38310727,0.99455476,-0.10421553,0.07087495,0.0,1.0,-0.28433713,-0.28488138,-0.28488138,0.99470145,-0.10280565,-0.2528375,0.0,0.0
-0.28433713,-0.28488138,-0.28488138,0.99470145,-0.10280565,-0.2528375,1.0,0.0,-0.29573238,-0.38163745,-0.38163745,0.9941689,-0.10783427,0.0056678536,0.0,0.0
-0.29573238,-0.38163745,-0.38163745,0.9941689,-0.10783427,0.0056678536,0.0,1.0,-0.31099787,-0.28339133,-0.28339133,0.9941811,-0.107721575,-0.31905514,0.0,0.0
-0.31099787,-0.28339133,-0.28339133,0.9941811,-0.107721575,-0.31905514,1.0,0.0,-0.3223335,-0.3801076,-0.3801076,0.9934735,-0.11406331,-0.062264852,0.0,0.0
-0.3223335,-0.3801076,-0.3801076,0.9934735,-0.11406331,-0.062264852,1.0,0.0,-0.33753783,-0.4767642,-0.4767642,0.99333066,-0.115300395,0.19227783,0.0,0.0
-0.33753783,-0.4767642,-0.4767642,0.99333066,-0.115300395,0.19227783,0.0,1.0,-0.3566084,-0.37847963,-0.37847963,0.9937667,-0.11147964,-0.1345077,0.0,0.0
-0.3566084,-0.37847963,-0.37847963,0.9937667,-0.11147964,-0.1345077,1.0,0.0,-0.37174758,-0.47515926,-0.47515926,0.9934632,-0.11415262,0.1209483,0.0,0.0
-0.37174758,-0.47515926,-0.47515926,0.9934632,-0.11415262,0.1209483,0.0,1.0,-0.39075395,-0.3768796,-0.3768796,0.99373645,-0.111749135,-0.20552425,0.0,0.0
-0.39075395,-0.3768796,-0.3768796,0.99373645,-0.111749135,-0.20552425,1.0,0.0,-0.40582913,-0.47355825,-0.47355825,0.9932687,-0.11583292,0.04984075,0.0,0.0
-0.40582913,-0.47355825,-0.47355825,0.9932687,-0.11583292,0.04984075,1.0,0.0,-0.42477146,-0.5701995,-0.5701995,0.9933837,-0.11484275,0.30375797,0.0,0.0
-0.42477146,-0.5701995,-0.5701995,0.9933837,-0.11484275,0.30375797,0.0,1.0,-0.44757944,-0.47192043,-0.47192043,0.994063,-0.10880571,-0.02289212,0.0,0.0
-0.44757944,-0.47192043,-0.47192043,0.994063,-0.10880571,-0.02289212,1.0,0.0,-0.46645626,-0.5686221,-0.5686221,0.99401313,-0.10926082,0.23350161,0.0,0.0
-0.46645626,-0.5686221,-0.5686221,0.99401313,-0.10926082,0.23350161,0.0,1.0,-0.48920116,-0.47037107,-0.47037107,0.9945125,-0.10461757,-0.09160952,0.0,0.0
-0.48920116,-0.47037107,-0.47037107,0.9945125,-0.10461757,-0.09160952,1.0,0.0,-0.508016,-0.5671089,-0.5671089,0.9943192,-0.10643953,0.16625397,0.0,0.0
-0.508016,-0.5671089,-0.5671089,0.9943192,-0.10643953,0.16625397,1.0,0.0,-0.5307003,-0.66383225,-0.66383225,0.9946676,-0.10313276,0.4234823,0.0,0.0
-0.5307003,-0.66383225,-0.66383225,0.9946676,-0.10313276,0.4234823,0.0,1.0,-0.55725366,-0.56562114,-0.56562114,0.9955054,-0.09470468,0.10009902,0.0,0.0
-0.55725366,-0.56562114,-0.56562114,0.9955054,-0.09470468,0.10009902,1.0,0.0,-0.5798785,-0.662443,-0.662443,0.995693,-0.09271151,0.36141586,0.0,0.0
-0.5798785,-0.662443,-0.662443,0.995693,-0.09271151,0.36141586,0.0,1.0,-0.60637623,-0.56428766,-0.56428766,0.9963371,-0.08551196,0.0409611,0.0,0.0
-0.60637623,-0.56428766,-0.56428766,0.9963371,-0.08551196,0.0409611,1.0,0.0,-0.62894773,-0.661186,-0.661186,0.99640685,-0.08469571,0.3054506,0.0,0.0
-0.62894773,-0.661186,-0.661186,0.99640685,-0.08469571,0.3054506,0.0,1.0,-0.65539515,-0.5630752,-0.5630752,0.9969057,-0.07860711,-0.01272468,0.0,0.0
-0.65539515,-0.5630752,-0.5630752,0.9969057,-0.07860711,-0.01272468,1.0,0.0,-0.67791814,-0.6600304,-0.6600304,0.99688566,-0.07886081,0.25413045,0.0,0.0
-0.67791814,-0.6600304,-0.6600304,0.99688566,-0.07886081,0.25413045,1.0,0.0,-0.70431936,-0.756986,-0.756986,0.99727356,-0.07379304,0.5209063,0.0,0.0
-0.70431936,-0.756986,-0.756986,0.99727356,-0.07379304,0.5209063,0.0,1.0,-0.7345988,-0.65894616,-0.65894616,0.9979882,-0.06339949,0.20589353,0.0,0.0
-0.7345988,-0.65894616,-0.65894616,0.9979882,-0.06339949,0.20589353,1.0,0.0,-0.76095665,-0.7560262,-0.7560262,0.9982408,-0.059289385,0.47790825,0.0,0.0
-0.76095665,-0.7560262,-0.7560262,0.9982408,-0.059289385,0.47790825,0.0,1.0,-0.7911977,-0.6580726,-0.6580726,0.99876195,-0.04974547,0.1671334,0.0,0.0
-0.7911977,-0.6580726,-0.6580726,0.99876195,-0.04974547,0.1671334,1.0,0.0,-0.8175206,-0.7552604,-0.7552604,0.99892265,-0.046406668,0.44371063,0.0,0.0
-0.8175206,-0.7552604,-0.7552604,0.99892265,-0.046406668,0.44371063,0.0,1.0,-0.84773105,-0.6573869,-0.6573869,0.9992951,-0.037540305,0.13676287,0.0,0.0
-0.84773105,-0.6573869,-0.6573869,0.9992951,-0.037540305,0.13676287,1.0,0.0,-0.8740265,-0.7546692,-0.7546692,0.99939406,-0.03480684,0.41736716,0.0,0.0
-0.8740265,-0.7546692,-0.7546692,0.99939406,-0.03480684,0.41736716,0.0,1.0,-0.90421325,-0.65687037,-0.65687037,0.99964976,-0.02646344,0.11391536,0.0,0.0
-0.90421325,-0.65687037,-0.65687037,0.99964976,-0.02646344,0.11391536,1.0,0.0,-0.9304881,-0.7542368,-0.7542368,0.99970746,-0.024185864,0.39813218,0.0,0.0
-0.9304881,-0.7542368,-0.7542368,0.99970746,-0.024185864,0.39813218,0.0,1.0,-0.96065754,-0.65650856,-0.65650856,0.9998684,-0.016224867,0.0979224,0.0,0.0
-0.96065754,-0.65650856,-0.65650856,0.9998684,-0.016224867,0.0979224,1.0,0.0,-0.9869179,-0.7539514,-0.7539514,0.99989825,-0.0142666465,0.38544235,0.0,0.0
-0.9869179,-0.7539514,-0.7539514,0.99989825,-0.0142666465,0.38544235,0.0,1.0,-1.0170759,-0.6562906,-0.6562906,0.9999785,-0.0065582367,0.08829543,0.0,0.0
-1.0170759,-0.6562906,-0.6562906,0.9999785,-0.0065582367,0.08829543,0.0,1.0,-1.0433276,-0.5586829,-0.5586829,0.9999885,-0.0047923564,-0.2064494,0.0,0.0
-1.0433276,-0.5586829,-0.5586829,0.9999885,-0.0047923564,-0.2064494,1.0,0.0,-1.0656749,-0.65620947,-0.65620947,0.9999602,-0.008921245,0.08471792,0.0,0.0
-1.0656749,-0.65620947,-0.65620947,0.9999602,-0.008921245,0.08471792,1.0,0.0,-1.0919232,-0.753706,-0.753706,0.9999739,-0.0072269416,0.37457284,0.0,0.0
-1.0919232,-0.753706,-0.753706,0.9999739,-0.0072269416,0.37457284,0.0,1.0,-1.1220715,-0.656094,-0.656094,0.99999994,0.00026445248,0.07961999,0.0,0.0
-1.1220715,-0.656094,-0.656094,0.99999994,0.00026445248,0.07961999,1.0,0.0,-1.1483153,-0.7536569,-0.7536569,0.9999983,0.0018568512,0.37238634,0.0,0.0
-1.1483153,-0.7536569,-0.7536569,0.9999983,0.0018568512,0.37238634,0.0,1.0,-1.1784616,-0.65610915,-0.65610915,0.9999567,0.009304444,0.080289476,0.0,0.0
-1.1784616,-0.65610915,-0.65610915,0.9999567,0.009304444,0.080289476,1.0,0.0,-1.204706,-0.7537362,-0.7537362,0.99994045,0.010910152,0.37589344,0.0,0.0
-1.204706,-0.7537362,-0.7537362,0.99994045,0.010910152,0.37589344,0.0,1.0,-1.2348554,-0.6562535,-0.6562535,0.9998302,0.018427195,0.08667048,0.0,0.0
-1.2348554,-0.6562535,-0.6562535,0.9998302,0.018427195,0.08667048,0.0,1.0,-1.2611055,-0.55882704,-0.55882704,0.99979675,0.02016028,-0.20014183,0.0,0.0
-1.2611055,-0.55882704,-0.55882704,0.99979675,0.02016028,-0.20014183,1.0,0.0,-1.2834586,-0.65652925,-0.65652925,0.99986947,0.016158108,0.09883236,0.0,0.0
-1.2834586,-0.65652925,-0.65652925,0.99986947,0.016158108,0.09883236,0.0,1.0,-1.3097198,-0.5590859,-0.5590859,0.99983555,0.018134464,-0.18870902,0.0,0.0
-1.3097198,-0.5590859,-0.5590859,0.99983555,0.018134464,-0.18870902,1.0,0.0,-1.3320832,-0.6567742,-0.6567742,0.9998969,0.014360784,0.1096393,0.0,0.0
-1.3320832,-0.6567742,-0.6567742,0.9998969,0.014360784,0.1096393,0.0,1.0,-1.3583542,-0.5593176,-0.5593176,0.99986297,0.016553307,-0.17847835,0.0,0.0
-1.3583542,-0.5593176,-0.5593176,0.99986297,0.016553307,-0.17847835,1.0,0.0,-1.3807268,-0.65699506,-0.65699506,0.9999157,0.012984131,0.119380504,0.0,0.0
-1.3807268,-0.65699506,-0.65699506,0.9999157,0.012984131,0.119380504,0.0,1.0,-1.4070066,-0.5595283,-0.5595283,0.99988186,0.0153715005,-0.16917782,0.0,0.0
-1.4070066,-0.5595283,-0.5595283,0.99988186,0.0153715005,-0.16917782,1.0,0.0,-1.4293878,-0.65719754,-0.65719754,0.9999281,0.011988263,0.12831464,0.0,0.0
-1.4293878,-0.65719754,-0.65719754,0.9999281,0.011988263,0.12831464,0.0,1.0,-1.4556757,-0.5597235,-0.5597235,0.9998941,0.014554329,-0.16056205,0.0,0.0
-1.4556757,-0.5597235,-0.5597235,0.9998941,0.014554329,-0.16056205,0.0,1.0,-1.4780647,-0.46226817,-0.46226817,0.9999357,0.011343359,-0.448618,0.0,0.0
-1.4780647,-0.46226817,-0.46226817,0.9999357,0.011343359,-0.448618,1.0,0.0,-1.4965553,-0.55990845,-0.55990845,0.9999972,0.00237124,-0.15238106,0.0,0.0
-1.4965553,-0.55990845,-0.55990845,0.9999972,0.00237124,-0.15238106,1.0,0.0,-1.5189517,-0.6574864,-0.6574864,0.99999976,-0.0006763791,0.141049,0.0,0.0
-1.5189517,-0.6574864,-0.6574864,0.99999976,-0.0006763791,0.141049,0.0,1.0,-1.5452511,-0.55992055,-0.55992055,0.9999977,0.002144599,-0.15184724,0.0,0.0
-1.5452511,-0.55992055,-0.55992055,0.9999977,0.002144599,-0.15184724,1.0,0.0,-1.5676479,-0.65749687,-0.65749687,0.9999996,-0.0008923439,0.14151148,0.0,0.0
-1.5676479,-0.65749687,-0.65749687,0.9999996,-0.0008923439,0.14151148,1.0,0.0,-1.5939479,-0.75505143,-0.75505143,0.9999981,0.0019378846,0.43391275,0.0,0.0
-1.5939479,-0.75505143,-0.75505143,0.9999981,0.0019378846,0.43391275,0.0,1.0,-1.6241499,-0.6575042,-0.6575042,0.9999437,0.010615942,0.14184135,0.0,0.0
-1.6241499,-0.6575042,-0.6575042,0.9999437,0.010615942,0.14184135,0.0,1.0,-1.6504501,-0.56002,-0.56002,0.9999095,0.0134525625,-0.14747354,0.0,0.0
-1.6504501,-0.56002,-0.56002,0.9999095,0.0134525625,-0.14747354,0.0,1.0,-1.6728508,-0.46255666,-0.46255666,0.99994487,0.010503304,-0.43588215,0.0,0.0
-1.6728508,-0.46255666,-0.46255666,0.99994487,0.010503304,-0.43588215,1.0,0.0,-1.6913532,-0.5601912,-0.5601912,0.9999984,0.0017858535,-0.13990675,0.0,0.0
-1.6913532,-0.5601912,-0.5601912,0.9999984,0.0017858535,-0.13990675,1.0,0.0,-1.7137609,-0.6577649,-0.6577649,0.99999946,-0.0010122805,0.15333904,0.0,0.0
-1.7137609,-0.6577649,-0.6577649,0.99999946,-0.0010122805,0.15333904,0.0,1.0,-1.7400714,-0.5601967,-0.5601967,0.9999979,0.0020544988,-0.13966306,0.0,0.0
-1.7400714,-0.5601967,-0.5601967,0.9999979,0.0020544988,-0.13966306,0.0,1.0,-1.7624793,-0.46265048,-0.46265048,0.9999997,-0.00073876086,-0.43169713,0.0,0.0
-1.7624793,-0.46265048,-0.46265048,0.9999997,-0.00073876086,-0.43169713,1.0,0.0,-1.7809852,-0.56020623,-0.56020623,0.9999561,-0.009372566,-0.13924716,0.0,0.0
-1.7809852,-0.56020623,-0.56020623,0.9999561,-0.009372566,-0.13924716,1.0,0.0,-1.8033935,-0.65769947,-0.65769947,0.9999261,-0.012157347,0.15046415,0.0,0.0
-1.8033935,-0.65769947,-0.65769947,0.9999261,-0.012157347,0.15046415,1.0,0.0,-1.8297015,-0.7551724,-0.7551724,0.99995816,-0.009148236,0.43928692,0.0,0.0
-1.8297015,-0.7551724,-0.7551724,0.99995816,-0.009148236,0.43928692,0.0,1.0,-1.8599085,-0.65754724,-0.65754724,0.99999994,-0.00036262517,0.14373426,0.0,0.0
-1.8599085,-0.65754724,-0.65754724,0.99999994,-0.00036262517,0.14373426,0.0,1.0,-1.8862103,-0.5599837,-0.5599837,0.99999684,0.0025120575,-0.14906304,0.0,0.0
-1.8862103,-0.5599837,-0.5599837,0.99999684,0.0025120575,-0.14906304,0.0,1.0,-1.9086096,-0.46244073,-0.46244073,0.9999999,-0.00046920072,-0.44095242,0.0,0.0
-1.9086096,-0.46244073,-0.46244073,0.9999999,-0.00046920072,-0.44095242,1.0,0.0,-1.9271072,-0.5599984,-0.5599984,0.99995685,-0.009288115,-0.14841743,0.0,0.0
-1.9271072,-0.5599984,-0.5599984,0.99995685,-0.009288115,-0.14841743,1.0,0.0,-1.9495072,-0.6574922,-0.6574922,0.9999249,-0.012256291,0.14132084,0.0,0.0
-1.9495072,-0.6574922,-0.6574922,0.9999249,-0.012256291,0.14132084,0.0,1.0,-1.975807,-0.55984455,-0.55984455,0.99995553,-0.009430041,-0.1552035,0.0,0.0
-1.975807,-0.55984455,-0.55984455,0.99995553,-0.009430041,-0.1552035,1.0,0.0,-1.9982007,-0.6573374,-0.6573374,0.99992144,-0.012533923,0.13448957,0.0,0.0
-1.9982007,-0.6573374,-0.6573374,0.99992144,-0.012533923,0.13448957,0.0,1.0,-2.0244942,-0.5596878,-0.5596878,0.99995154,-0.0098443,-0.16212124,0.0,0.0
-2.0244942,-0.5596878,-0.5596878,0.99995154,-0.0098443,-0.16212124,0.0,1.0,-2.0468817,-0.46205705,-0.46205705,0.99991435,-0.01308651,-0.4578935,0.0,0.0
-2.0468817,-0.46205705,-0.46205705,0.99991435,-0.01308651,-0.4578935,1.0,0.0,-2.065364,-0.5595243,-0.5595243,0.9997526,-0.022242919,-0.16936418,0.0,0.0
-2.065364,-0.5595243,-0.5595243,0.9997526,-0.022242919,-0.16936418,1.0,0.0,-2.087745,-0.65692264,-0.65692264,0.9996715,-0.025629232,0.116219014,0.0,0.0
-2.087745,-0.65692264,-0.65692264,0.9996715,-0.025629232,0.116219014,1.0,0.0,-2.1140218,-0.75429535,-0.75429535,0.9997284,-0.023305546,0.4007063,0.0,0.0
-2.1140218,-0.75429535,-0.75429535,0.9997284,-0.023305546,0.4007063,0.0,1.0,-2.1441936,-0.656573,-0.656573,0.99988306,-0.015292935,0.100767076,0.0,0.0
-2.1441936,-0.656573,-0.656573,0.99988306,-0.015292935,0.100767076,0.0,1.0,-2.1704566,-0.5589041,-0.5589041,0.99991184,-0.0132778,-0.1967014,0.0,0.0
-2.1704566,-0.5589041,-0.5589041,0.99991184,-0.0132778,-0.1967014,0.0,1.0,-2.1928127,-0.46124947,-0.46124947,0.9998519,-0.017211368,-0.49354327,0.0,0.0
-2.1928127,-0.46124947,-0.46124947,0.9998519,-0.017211368,-0.49354327,1.0,0.0,-2.2112627,-0.558687,-0.558687,0.99963325,-0.027079772,-0.20633419,0.0,0.0
-2.2112627,-0.558687,-0.558687,0.99963325,-0.027079772,-0.20633419,1.0,0.0,-2.2336102,-0.6560492,-0.6560492,0.99951303,-0.0312047,0.07768386,0.0,0.0
-2.2336102,-0.6560492,-0.6560492,0.99951303,-0.0312047,0.07768386,1.0,0.0,-2.2598522,-0.75337964,-0.75337964,0.9995603,-0.029651742,0.36035892,0.0,0.0
-2.2598522,-0.75337964,-0.75337964,0.9995603,-0.029651742,0.36035892,0.0,1.0,-2.2899873,-0.6556143,-0.6556143,0.99974805,-0.022447025,0.05847426,0.0,0.0
-2.2899873,-0.6556143,-0.6556143,0.99974805,-0.022447025,0.05847426,0.0,1.0,-2.316212,-0.5578961,-0.5578961,0.9997736,-0.02127782,-0.24120606,0.0,0.0
-2.316212,-0.5578961,-0.5578961,0.9997736,-0.02127782,-0.24120606,0.0,1.0,-2.3385277,-0.4601864,-0.4601864,0.9996593,-0.026100583,-0.5405244,0.0,0.0
-2.3385277,-0.4601864,-0.4601864,0.9996593,-0.026100583,-0.5405244,1.0,0.0,-2.3569353,-0.55755913,-0.55755913,0.9993188,-0.036905654,-0.25617927,0.0,0.0
-2.3569353,-0.55755913,-0.55755913,0.9993188,-0.036905654,-0.25617927,1.0,0.0,-2.3792377,-0.65484715,-0.65484715,0.99911654,-0.042025242,0.024635639,0.0,0.0
-2.3792377,-0.65484715,-0.65484715,0.99911654,-0.042025242,0.024635639,0.0,1.0,-2.4054315,-0.5569977,-0.5569977,0.99913716,-0.04153296,-0.28100866,0.0,1.0
-0.04790393,-0.011919514,-0.011919514,0.99995446,0.009543236,-0.039856818,0.0,1.0,-0.04838071,0.08557239,0.08557239,0.99996173,0.008746133,-0.3295135,1.0,0.0
-0.04838071,0.08557239,0.08557239,0.99996173,0.008746133,-0.3295135,0.0,1.0,-0.044957817,0.18307057,0.18307057,0.9999977,0.0021559729,-0.6194255,0.0,0.0
-0.044957817,0.18307057,0.18307057,0.9999977,0.0021559729,-0.6194255,0.0,1.0,-0.03763499,0.28061646,0.28061646,0.99994767,-0.010232356,-0.91142863,0.0,0.0
-0.03763499,0.28061646,0.28061646,0.99994767,-0.010232356,-0.91142863,0.0,1.0,-0.026410334,0.37824592,0.37824592,0.999595,-0.028457265,-1.20731,0.0,0.0
-0.026410334,0.37824592,0.37824592,0.999595,-0.028457265,-1.20731,0.0,1.0,-0.011280498,0.47598484,0.47598484,0.9986166,-0.052583043,-1.5087744,0.0,0.0
-0.011280498,0.47598484,0.47598484,0.9986166,-0.052583043,-1.5087744,1.0,0.0,0.0077588954,0.37876168,0.37876168,0.9965755,-0.08268827,-1.2329679,0.0,0.0
0.0077588954,0.37876168,0.37876168,0.9965755,-0.08268827,-1.2329679,1.0,0.0,0.022909362,0.2817788,0.2817788,0.99423367,-0.10723556,-0.967326,0.0,0.0
0.022909362,0.2817788,0.2817788,0.99423367,-0.10723556,-0.967326,1.0,0.0,0.034180515,0.18501483,0.18501483,0.9919731,-0.12644924,-0.7102352,0.0,0.0
0.034180515,0.18501483,0.18501483,0.9919731,-0.12644924,-0.7102352,0.0,1.0,0.04158111,0.28332913,0.28332913,0.9900769,-0.1405267,-1.0399867,0.0,0.0
0.04158111,0.28332913,0.28332913,0.9900769,-0.1405267,-1.0399867,1.0,0.0,0.052914273,0.18683112,0.18683112,0.98694,-0.16108815,-0.7946802,0.0,0.0
0.052914273,0.18683112,0.18683112,0.98694,-0.16108815,-0.7946802,1.0,0.0,0.06038752,0.090543374,0.090543374,0.9842552,-0.17675318,-0.55694944,0.0,0.0
0.06038752,0.090543374,0.090543374,0.9842552,-0.17675318,-0.55694944,1.0,0.0,0.06400925,-0.0055771223,-0.0055771223,0.98222536,-0.1877056,-0.3250936,0.0,0.0
0.06400925,-0.0055771223,-0.0055771223,0.98222536,-0.1877056,-0.3250936,1.0,0.0,0.063786164,-0.10157822,-0.10157822,0.98098415,-0.1940879,-0.097394906,0.0,0.0
0.063786164,-0.10157822,-0.10157822,0.98098415,-0.1940879,-0.097394906,1.0,0.0,0.05972304,-0.19751038,-0.19751038,0.98060423,-0.19599837,0.12786704,0.0,0.0
0.05972304,-0.19751038,-0.19751038,0.98060423,-0.19599837,0.12786704,1.0,0.0,0.051822625,-0.2934251,-0.2934251,0.9811022,-0.19349,0.35240674,0.0,0.0
0.051822625,-0.2934251,-0.2934251,0.9811022,-0.19349,0.35240674,1.0,0.0,0.040085617,-0.38937375,-0.38937375,0.9824416,-0.18657032,0.5779269,0.0,0.0
0.040085617,-0.38937375,-0.38937375,0.9824416,-0.18657032,0.5779269,1.0,0.0,0.024510669,-0.48540616,-0.48540616,0.9845324,-0.17520252,0.80611396,0.0,0.0
0.024510669,-0.48540616,-0.48540616,0.9845324,-0.17520252,0.80611396,1.0,0.0,0.0050944225,-0.5815698,-0.5815698,0.987229,-0.15930752,1.038633,0.0,0.0
0.0050944225,-0.5815698,-0.5815698,0.987229,-0.15930752,1.038633,0.0,1.0,-0.01816837,-0.48314765,-0.48314765,0.99032503,-0.13876726,0.70030105,0.0,0.0
-0.01816837,-0.48314765,-0.48314765,0.99032503,-0.13876726,0.70030105,1.0,0.0,-0.037494276,-0.5796205,-0.5796205,0.9921714,-0.124883585,0.94612175,0.0,0.0
-0.037494276,-0.5796205,-0.5796205,0.9921714,-0.124883585,0.94612175,0.0,1.0,-0.060679093,-0.48133767,-0.48133767,0.99435675,-0.10608805,0.61686593,0.0,0.0
-0.060679093,-0.48133767,-0.48133767,0.99435675,-0.10608805,0.61686593,0.0,1.0,-0.0799326,-0.38312083,-0.38312083,0.99558985,-0.09381259,0.2926883,0.0,0.0
-0.0799326,-0.38312083,-0.38312083,0.99558985,-0.09381259,0.2926883,1.0,0.0,-0.09525743,-0.47995365,-0.47995365,0.99612194,-0.08798307,0.5543247,0.0,0.0
-0.09525743,-0.47995365,-0.47995365,0.99612194,-0.08798307,0.5543247,0.0,1.0,-0.11445558,-0.38183296,-0.38183296,0.99703616,-0.07693439,0.23523718,0.0,0.0
-0.11445558,-0.38183296,-0.38183296,0.99703616,-0.07693439,0.23523718,0.0,1.0,-0.1297289,-0.2837665,-0.2837665,0.99738705,-0.07224275,-0.080708966,0.0,0.0
-0.1297289,-0.2837665,-0.2837665,0.99738705,-0.07224275,-0.080708966,1.0,0.0,-0.14107956,-0.380774,-0.380774,0.99726915,-0.07385262,0.18831368,0.0,0.0
-0.14107956,-0.380774,-0.380774,0.99726915,-0.07385262,0.18831368,0.0,1.0,-0.15631051,-0.28272527,-0.28272527,0.99754024,-0.07009612,-0.12674183,0.0,0.0
-0.15631051,-0.28272527,-0.28272527,0.99754024,-0.07009612,-0.12674183,1.0,0.0,-0.16761953,-0.37975052,-0.37975052,0.99735934,-0.07262449,0.14300966,0.0,0.0
-0.16761953,-0.37975052,-0.37975052,0.99735934,-0.07262449,0.14300966,0.0,1.0,-0.18280955,-0.28170872,-0.28170872,0.997563,-0.06977156,-0.17169069,0.0,0.0
-0.18280955,-0.28170872,-0.28170872,0.997563,-0.06977156,-0.17169069,1.0,0.0,-0.1940779,-0.37873703,-0.37873703,0.99731755,-0.07319658,0.09817207,0.0,0.0
-0.1940779,-0.37873703,-0.37873703,0.99731755,-0.07319658,0.09817207,0.0,1.0,-0.20922738,-0.2806914,-0.2806914,0.99745935,-0.07123827,-0.2166957,0.0,0.0
-0.20922738,-0.2806914,-0.2806914,0.99745935,-0.07123827,-0.2166957,0.0,1.0,-0.22045504,-0.1826589,-0.1826589,0.99714124,-0.07556049,-0.53098994,0.0,0.0
-0.22045504,-0.1826589,-0.1826589,0.99714124,-0.07556049,-0.53098994,1.0,0.0,-0.22776139,-0.27964947,-0.27964947,0.9962826,-0.08614547,-0.26306486,0.0,0.0
-0.22776139,-0.27964947,-0.27964947,0.9962826,-0.08614547,-0.26306486,1.0,0.0,-0.23894738,-0.3765453,-0.3765453,0.9958156,-0.09138599,0.0012152916,0.0,0.0
-0.23894738,-0.3765453,-0.3765453,0.9958156,-0.09138599,0.0012152916,0.0,1.0,-0.2540092,-0.27839175,-0.27839175,0.9958178,-0.09136179,-0.3188807,0.0,0.0
-0.2540092,-0.27839175,-0.27839175,0.9958178,-0.09136179,-0.3188807,1.0,0.0,-0.26514485,-0.37524572,-0.37524572,0.9952148,-0.097710826,-0.056394383,0.0,0.0
-0.26514485,-0.37524572,-0.37524572,0.9952148,-0.097710826,-0.056394383,0.0,1.0,-0.28015468,-0.2770562,-0.2770562,0.995104,-0.098833255,-0.37828043,0.0,0.0
-0.28015468,-0.2770562,-0.2770562,0.995104,-0.098833255,-0.37828043,1.0,0.0,-0.29123694,-0.37384963,-0.37384963,0.9943278,-0.10635892,-0.11837873,0.0,0.0
-0.29123694,-0.37384963,-0.37384963,0.9943278,-0.10635892,-0.11837873,1.0,0.0,-0.3061909,-0.47057295,-0.47057295,0.9940732,-0.10871277,0.13887574,0.0,0.0
-0.3061909,-0.47057295,-0.47057295,0.9940732,-0.10871277,0.13887574,0.0,1.0,-0.32501385,-0.372323,-0.372323,0.9943713,-0.1059513,-0.18608865,0.0,0.0
-0.32501385,-0.372323,-0.372323,0.9943713,-0.1059513,-0.18608865,1.0,0.0,-0.33990675,-0.46905085,-0.46905085,0.9939701,-0.10965138,0.07131185,0.0,0.0
-0.33990675,-0.46905085,-0.46905085,0.9939701,-0.10965138,0.07131185,1.0,0.0,-0.35866877,-0.5657455,-0.5657455,0.9941255,-0.10823363,0.3274091,0.0,0.0
-0.35866877,-0.5657455,-0.5657455,0.9941255,-0.10823363,0.3274091,0.0,1.0,-0.3812986,-0.46750283,-0.46750283,0.9948129,-0.101721644,0.002591793,0.0,0.0
-0.3812986,-0.46750283,-0.46750283,0.9948129,-0.101721644,0.002591793,1.0,0.0,-0.39999872,-0.5642649,-0.5642649,0.99481815,-0.10167008,0.26146612,0.0,0.0
-0.39999872,-0.5642649,-0.5642649,0.99481815,-0.10167008,0.26146612,0.0,1.0,-0.4225693,-0.46605635,-0.46605635,0.99533623,-0.09646649,-0.061523903,0.0,0.0
-0.4225693,-0.46605635,-0.46605635,0.99533623,-0.09646649,-0.061523903,1.0,0.0,-0.44121158,-0.56286305,-0.56286305,0.9952168,-0.097691156,0.19918068,0.0,0.0
-0.44121158,-0.56286305,-0.56286305,0.9952168,-0.097691156,0.19918068,0.0,1.0,-0.4637261,-0.4646754,-0.4646754,0.995598,-0.09372583,-0.12269462,0.0,0.0
-0.4637261,-0.4646754,-0.4646754,0.995598,-0.09372583,-0.12269462,1.0,0.0,-0.4823131,-0.5615057,-0.5615057,0.9953651,-0.09616864,0.13896216,0.0,0.0
-0.4823131,-0.5615057,-0.5615057,0.9953651,-0.09616864,0.13896216,0.0,1.0,-0.5047733,-0.46332565,-0.46332565,0.9956285,-0.09340191,-0.18248634,0.0,0.0
-0.5047733,-0.46332565,-0.46332565,0.9956285,-0.09340191,-0.18248634,1.0,0.0,-0.52330637,-0.5601595,-0.5601595,0.995281,-0.09703505,0.079285115,0.0,0.0
-0.52330637,-0.5601595,-0.5601595,0.995281,-0.09703505,0.079285115,1.0,0.0,-0.54571277,-0.65696156,-0.65696156,0.99543357,-0.095456704,0.33979252,0.0,0.0
-0.54571277,-0.65696156,-0.65696156,0.99543357,-0.095456704,0.33979252,0.0,1.0,-0.5719912,-0.55879,-0.55879,0.9960593,-0.08868974,0.018558588,0.0,0.0
-0.5719912,-0.55879,-0.55879,0.9960593,-0.08868974,0.018558588,1.0,0.0,-0.5943428,-0.6556618,-0.6556618,0.99609214,-0.088320024,0.2819539,0.0,0.0
-0.5943428,-0.6556618,-0.6556618,0.99609214,-0.088320024,0.2819539,0.0,1.0,-0.6205693,-0.55752945,-0.55752945,0.99657434,-0.08270161,-0.037258886,0.0,0.0
-0.6205693,-0.55752945,-0.55752945,0.99657434,-0.08270161,-0.037258886,1.0,0.0,-0.6428705,-0.65445095,-0.65445095,0.9965125,-0.08344421,0.22819537,0.0,0.0
-0.6428705,-0.65445095,-0.65445095,0.9965125,-0.08344421,0.22819537,1.0,0.0,-0.6690485,-0.7513684,-0.7513684,0.9968829,-0.07889537,0.4934011,0.0,0.0
-0.6690485,-0.7513684,-0.7513684,0.9968829,-0.07889537,0.4934011,0.0,1.0,-0.69910324,-0.6532975,-0.6532975,0.9976129,-0.06905442,0.1769102,0.0,0.0
-0.69910324,-0.6532975,-0.6532975,0.9976129,-0.06905442,0.1769102,1.0,0.0,-0.7252351,-0.7503317,-0.7503317,0.99785095,-0.065524235,0.44701588,0.0,0.0
-0.7252351,-0.7503317,-0.7503317,0.99785095,-0.065524235,0.44701588,0.0,1.0,-0.75524837,-0.65233904,-0.65233904,0.9983969,-0.056600634,0.13440555,0.0,0.0
-0.75524837,-0.65233904,-0.65233904,0.9983969,-0.056600634,0.13440555,1.0,0.0,-0.78134197,-0.7494725,-0.7494725,0.99854547,-0.05391663,0.4086983,0.0,0.0
-0.78134197,-0.7494725,-0.7494725,0.99854547,-0.05391663,0.4086983,0.0,1.0,-0.81132084,-0.6515507,-0.6515507,0.9989528,-0.045752842,0.099508666,0.0,0.0
-0.81132084,-0.6515507,-0.6515507,0.9989528,-0.045752842,0.099508666,1.0,0.0,-0.8373829,-0.7487693,-0.7487693,0.99904186,-0.043764666,0.3774076,0.0,0.0
-0.8373829,-0.7487693,-0.7487693,0.99904186,-0.043764666,0.3774076,0.0,1.0,-0.86733365,-0.6509115,-0.6509115,0.99934375,-0.03622257,0.071248844,0.0,0.0
-0.86733365,-0.6509115,-0.6509115,0.99934375,-0.03622257,0.071248844,1.0,0.0,-0.8933701,-0.7482037,-0.7482037,0.99939436,-0.03479849,0.3522843,0.0,0.0
-0.8933701,-0.7482037,-0.7482037,0.99939436,-0.03479849,0.3522843,0.0,1.0,-0.92329824,-0.6504041,-0.6504041,0.9996147,-0.027756268,0.048832513,0.0,0.0
-0.92329824,-0.6504041,-0.6504041,0.9996147,-0.027756268,0.048832513,1.0,0.0,-0.9493144,-0.74776065,-0.74776065,0.99964136,-0.02677998,0.33262932,0.0,0.0
-0.9493144,-0.74776065,-0.74776065,0.99964136,-0.02677998,0.33262932,0.0,1.0,-0.97922486,-0.6500143,-0.6500143,0.9997974,-0.020129235,0.031622097,0.0,0.0
-0.97922486,-0.6500143,-0.6500143,0.9997974,-0.020129235,0.031622097,1.0,0.0,-1.0052254,-0.74742806,-0.74742806,0.9998099,-0.019496918,0.31788623,0.0,0.0
-1.0052254,-0.74742806,-0.74742806,0.9998099,-0.019496918,0.31788623,0.0,1.0,-1.0351225,-0.649731,-0.649731,0.9999137,-0.013140051,0.019118628,0.0,0.0
-1.0351225,-0.649731,-0.649731,0.9999137,-0.013140051,0.019118628,1.0,0.0,-1.0611118,-0.74719656,-0.74719656,0.99991864,-0.01275771,0.3076268,0.0,0.0
-1.0611118,-0.74719656,-0.74719656,0.99991864,-0.01275771,0.3076268,0.0,1.0,-1.0909996,-0.64954585,-0.64954585,0.9999782,-0.006605472,0.010947782,0.0,0.0
-1.0909996,-0.64954585,-0.64954585,0.9999782,-0.006605472,0.010947782,1.0,0.0,-1.1169815,-0.7470591,-0.7470591,0.9999796,-0.0063865213,0.3015393,0.0,0.0
-1.1169815,-0.7470591,-0.7470591,0.9999796,-0.0063865213,0.3015393,0.0,1.0,-1.1468638,-0.6494529,-0.6494529,0.99999994,-0.0003557787,0.0068490356,0.0,0.0
-1.1468638,-0.6494529,-0.6494529,0.99999994,-0.0003557787,0.0068490356,1.0,0.0,-1.1728419,-0.74701136,-0.74701136,1.0,-0.00021879798,0.2994197,0.0,0.0
-1.1728419,-0.74701136,-0.74701136,1.0,-0.00021879798,0.2994197,0.0,1.0,-1.2027224,-0.6494488,-0.6494488,0.9999834,0.005769564,0.0066677653,0.0,0.0
-1.2027224,-0.6494488,-0.6494488,0.9999834,0.005769564,0.0066677653,1.0,0.0,-1.2287004,-0.74705094,-0.74705094,0.9999826,0.0059029167,0.30116546,0.0,0.0
-1.2287004,-0.74705094,-0.74705094,0.9999826,0.0059029167,0.30116546,0.0,1.0,-1.2585824,-0.64953226,-0.64953226,0.9999289,0.011925978,0.010350044,0.0,0.0
-1.2585824,-0.64953226,-0.64953226,0.9999289,0.011925978,0.010350044,1.0,0.0,-1.2845637,-0.7471777,-0.7471777,0.9999264,0.012132964,0.30677187,0.0,0.0
-1.2845637,-0.7471777,-0.7471777,0.9999264,0.012132964,0.30677187,0.0,1.0,-1.3144509,-0.6497043,-0.6497043,0.9998331,0.018267682,0.017940015,0.0,0.0
-1.3144509,-0.6497043,-0.6497043,0.9998331,0.018267682,0.017940015,0.0,1.0,-1.340439,-0.5522766,-0.5522766,0.9998265,0.018626422,-0.2689234,0.0,0.0
-1.340439,-0.5522766,-0.5522766,0.9998265,0.018626422,-0.2689234,1.0,0.0,-1.36253,-0.649968,-0.649968,0.99991226,0.013248643,0.029576065,0.0,0.0
-1.36253,-0.649968,-0.649968,0.99991226,0.013248643,0.029576065,0.0,1.0,-1.3885287,-0.5525033,-0.5525033,0.9999042,0.01384011,-0.25889736,0.0,0.0
-1.3885287,-0.5525033,-0.5525033,0.9999042,0.01384011,-0.25889736,1.0,0.0,-1.4106289,-0.6501617,-0.6501617,0.9999625,0.008662497,0.03811872,0.0,0.0
-1.4106289,-0.6501617,-0.6501617,0.9999625,0.008662497,0.03811872,0.0,1.0,-1.4366354,-0.5526633,-0.5526633,0.9999556,0.009424839,-0.25181854,0.0,0.0
-1.4366354,-0.5526633,-0.5526633,0.9999556,0.009424839,-0.25181854,1.0,0.0,-1.4587419,-0.65029097,-0.65029097,0.99999034,0.0043885945,0.043822255,0.0,0.0
-1.4587419,-0.65029097,-0.65029097,0.99999034,0.0043885945,0.043822255,0.0,1.0,-1.4847535,-0.55276155,-0.55276155,0.9999861,0.005265029,-0.24747281,0.0,0.0
-1.4847535,-0.55276155,-0.55276155,0.9999861,0.005265029,-0.24747281,1.0,0.0,-1.506864,-0.6503599,-0.6503599,0.99999994,0.00031559757,0.046866182,0.0,0.0
-1.506864,-0.6503599,-0.6503599,0.99999994,0.00031559757,0.046866182,0.0,1.0,-1.5328784,-0.55280125,-0.55280125,0.9999992,0.0012529208,-0.24571715,0.0,0.0
-1.5328784,-0.55280125,-0.55280125,0.9999992,0.0012529208,-0.24571715,1.0,0.0,-1.5549904,-0.65037113,-0.65037113,0.9999933,-0.0036614137,0.04736071,0.0,0.0
-1.5549904,-0.65037113,-0.65037113,0.9999933,-0.0036614137,0.04736071,0.0,1.0,-1.5810053,-0.552784,-0.552784,0.9999963,-0.0027142044,-0.24647518,0.0,0.0
-1.5810053,-0.552784,-0.552784,0.9999963,-0.0027142044,-0.24647518,1.0,0.0,-1.6031166,-0.65032554,-0.65032554,0.9999708,-0.007643637,0.04535039,0.0,0.0
-1.6031166,-0.65032554,-0.65032554,0.9999708,-0.007643637,0.04535039,0.0,1.0,-1.6291296,-0.55271024,-0.55271024,0.9999773,-0.0067366525,-0.24973436,0.0,0.0
-1.6291296,-0.55271024,-0.55271024,0.9999773,-0.0067366525,-0.24973436,1.0,0.0,-1.6512381,-0.6502228,-0.6502228,0.9999312,-0.011731122,0.04081608,0.0,0.0
-1.6512381,-0.6502228,-0.6502228,0.9999312,-0.011731122,0.04081608,0.0,1.0,-1.677247,-0.5525787,-0.5525787,0.99994045,-0.010914852,-0.25554502,0.0,0.0
-1.677247,-0.5525787,-0.5525787,0.99994045,-0.010914852,-0.25554502,0.0,1.0,-1.6993501,-0.45494062,-0.45494062,0.9998716,-0.016025282,-0.55165064,0.0,0.0
-1.6993501,-0.45494062,-0.45494062,0.9998716,-0.016025282,-0.55165064,1.0,0.0,-1.7175478,-0.55238724,-0.55238724,0.9996339,-0.02705568,-0.26405975,0.0,0.0
-1.7175478,-0.55238724,-0.55238724,0.9996339,-0.02705568,-0.26405975,1.0,0.0,-1.7396432,-0.64975,-0.64975,0.9994771,-0.03233454,0.019967193,0.0,0.0
-1.7396432,-0.64975,-0.64975,0.9994771,-0.03233454,0.019967193,1.0,0.0,-1.7656332,-0.7470718,-0.7470718,0.99948996,-0.0319354,0.30227354,0.0,0.0
-1.7656332,-0.7470718,-0.7470718,0.99948996,-0.0319354,0.30227354,0.0,1.0,-1.7955161,-0.6492906,-0.6492906,0.9996647,-0.025892468,-0.0003092441,0.0,0.0
-1.7955161,-0.6492906,-0.6492906,0.9996647,-0.025892468,-0.0003092441,1.0,0.0,-1.8214878,-0.74666125,-0.74666125,0.99966455,-0.02589865,0.28409222,0.0,0.0
-1.8214878,-0.74666125,-0.74666125,0.99966455,-0.02589865,0.28409222,0.0,1.0,-1.8513542,-0.6489204,-0.6489204,0.9997956,-0.020218324,-0.016646061,0.0,0.0
-1.8513542,-0.6489204,-0.6489204,0.9997956,-0.020218324,-0.016646061,1.0,0.0,-1.877311,-0.74633354,-0.74633354,0.9997888,-0.020551177,0.26958936,0.0,0.0
-1.877311,-0.74633354,-0.74633354,0.9997888,-0.020551177,0.26958936,0.0,1.0,-1.9071643,-0.64862895,-0.64862895,0.9998851,-0.015160256,-0.029504474,0.0,0.0
-1.9071643,-0.64862895,-0.64862895,0.9998851,-0.015160256,-0.029504474,0.0,1.0,-1.9331095,-0.55096096,-0.55096096,0.99987596,-0.015750274,-0.32693198,0.0,0.0
-1.9331095,-0.55096096,-0.55096096,0.99987596,-0.015750274,-0.32693198,1.0,0.0,-1.955148,-0.64840806,-0.64840806,0.9997516,-0.02228772,-0.03925753,0.0,0.0
-1.955148,-0.64840806,-0.64840806,0.9997516,-0.02228772,-0.03925753,1.0,0.0,-1.9810842,-0.74580574,-0.74580574,0.9997338,-0.02307267,0.24631032,0.0,0.0
-1.9810842,-0.74580574,-0.74580574,0.9997338,-0.02307267,0.24631032,0.0,1.0,-2.0109165,-0.64808387,-0.64808387,0.9998353,-0.018147513,-0.053560674,0.0,0.0
-2.0109165,-0.64808387,-0.64808387,0.9998353,-0.018147513,-0.053560674,0.0,1.0,-2.03684,-0.55039513,-0.55039513,0.9998153,-0.01921854,-0.3519139,0.0,0.0
-2.03684,-0.55039513,-0.55039513,0.9998153,-0.01921854,-0.3519139,1.0,0.0,-2.0588558,-0.64781684,-0.64781684,0.9996553,-0.026254984,-0.06535298,0.0,0.0
-2.0588558,-0.64781684,-0.64781684,0.9996553,-0.026254984,-0.06535298,1.0,0.0,-2.0847683,-0.7451848,-0.7451848,0.9996201,-0.02756157,0.21893112,0.0,0.0
-2.0847683,-0.7451848,-0.7451848,0.9996201,-0.02756157,0.21893112,0.0,1.0,-2.1145756,-0.6474323,-0.6474323,0.9997312,-0.023184361,-0.082317956,0.0,0.0
-2.1145756,-0.6474323,-0.6474323,0.9997312,-0.023184361,-0.082317956,0.0,1.0,-2.1404731,-0.549709,-0.549709,0.99969167,-0.024830246,-0.38222513,0.0,0.0
-2.1404731,-0.549709,-0.549709,0.99969167,-0.024830246,-0.38222513,1.0,0.0,-2.1624613,-0.6470894,-0.6470894,0.9994727,-0.03247159,-0.09747423,0.0,0.0
-2.1624613,-0.6470894,-0.6470894,0.9994727,-0.03247159,-0.09747423,1.0,0.0,-2.188345,-0.7444103,-0.7444103,0.9994075,-0.034419984,0.18478784,0.0,0.0
-2.188345,-0.7444103,-0.7444103,0.9994075,-0.034419984,0.18478784,0.0,1.0,-2.2181213,-0.6466117,-0.6466117,0.9995278,-0.03072619,-0.11855357,0.0,0.0
-2.2181213,-0.6466117,-0.6466117,0.9995278,-0.03072619,-0.11855357,1.0,0.0,-2.243986,-0.74394596,-0.74394596,0.9994522,-0.033096056,0.16427778,0.0,0.0
-2.243986,-0.74394596,-0.74394596,0.9994522,-0.033096056,0.16427778,0.0,1.0,-2.2737436,-0.6461561,-0.6461561,0.9995555,-0.029812127,-0.13866144,0.0,0.0
-2.2737436,-0.6461561,-0.6461561,0.9995555,-0.029812127,-0.13866144,1.0,0.0,-2.2995899,-0.7434973,-0.7434973,0.999469,-0.032584004,0.14446773,0.0,0.0
-2.2995899,-0.7434973,-0.7434973,0.999469,-0.032584004,0.14446773,0.0,1.0,-2.3293297,-0.6457107,-0.6457107,0.999559,-0.029696053,-0.15831591,0.0,0.0
-2.3293297,-0.6457107,-0.6457107,0.999559,-0.029696053,-0.15831591,1.0,0.0,-2.3551583,-0.7430529,-0.7430529,0.9994599,-0.03286082,0.12485129,0.0,0.0
-2.3551583,-0.7430529,-0.7430529,0.9994599,-0.03286082,0.12485129,0.0,1.0,-2.3848803,-0.64526445,-0.64526445,0.9995389,-0.030365042,-0.17801689,0.0,0.0
-2.3848803,-0.64526445,-0.64526445,0.9995389,-0.030365042,-0.17801689,1.0,0.0,-2.410691,-0.74260163,-0.74260163,0.99942446,-0.03392354,0.10493285,0.0,1.0
